-- phpMyAdmin SQL Dump
-- version 5.1.1
-- https://www.phpmyadmin.net/
--
-- Host: 127.0.0.1
-- Generation Time: Aug 10, 2021 at 03:59 AM
-- Server version: 10.4.20-MariaDB
-- PHP Version: 8.0.9

SET SQL_MODE = "NO_AUTO_VALUE_ON_ZERO";
START TRANSACTION;
SET time_zone = "+00:00";


/*!40101 SET @OLD_CHARACTER_SET_CLIENT=@@CHARACTER_SET_CLIENT */;
/*!40101 SET @OLD_CHARACTER_SET_RESULTS=@@CHARACTER_SET_RESULTS */;
/*!40101 SET @OLD_COLLATION_CONNECTION=@@COLLATION_CONNECTION */;
/*!40101 SET NAMES utf8mb4 */;

--
-- Database: `scmdb`
--

-- --------------------------------------------------------

--
-- Table structure for table `deliveries`
--

CREATE TABLE `deliveries` (
  `id` int(11) NOT NULL,
  `tanggal_berangkat` datetime NOT NULL,
  `estimasi_sampai` datetime NOT NULL,
  `tanggal_sampai` datetime DEFAULT NULL,
  `no_tiket` varchar(45) DEFAULT NULL,
  `status` enum('dikirim','sampai','batal') NOT NULL,
  `loading_id` int(11) NOT NULL,
  `created_at` timestamp NULL DEFAULT NULL,
  `updated_at` timestamp NULL DEFAULT NULL
) ENGINE=InnoDB DEFAULT CHARSET=utf8;

--
-- Dumping data for table `deliveries`
--

INSERT INTO `deliveries` (`id`, `tanggal_berangkat`, `estimasi_sampai`, `tanggal_sampai`, `no_tiket`, `status`, `loading_id`, `created_at`, `updated_at`) VALUES
(1, '2021-01-20 22:47:13', '2021-01-20 22:47:13', '2021-01-20 22:47:13', 'ZXCDS1', 'dikirim', 1, '2021-01-20 15:47:13', '2021-01-20 15:47:13'),
(2, '2021-01-20 22:47:13', '2021-01-20 22:47:13', '2021-01-20 22:47:13', 'ZXCDS2', 'dikirim', 2, '2021-01-20 15:47:13', '2021-01-20 15:47:13'),
(3, '2021-01-20 22:47:13', '2021-01-20 22:47:13', '2021-01-20 22:47:13', 'ZXCDS3', 'dikirim', 3, '2021-01-20 15:47:13', '2021-01-20 15:47:13'),
(4, '2021-01-20 22:47:13', '2021-01-20 22:47:13', '2021-01-20 22:47:13', 'ZXCDS4', 'dikirim', 4, '2021-01-20 15:47:13', '2021-01-20 15:47:13'),
(5, '2021-01-20 22:47:13', '2021-01-20 22:47:13', '2021-01-20 22:47:13', 'ZXCDS5', 'dikirim', 5, '2021-01-20 15:47:13', '2021-01-20 15:47:13'),
(6, '2021-01-20 22:47:13', '2021-01-20 22:47:13', '2021-01-20 22:47:13', NULL, 'sampai', 6, '2021-01-20 15:47:13', '2021-01-20 15:47:13'),
(7, '2021-01-20 22:47:13', '2021-01-20 22:47:13', '2021-01-20 22:47:13', NULL, 'sampai', 7, '2021-01-20 15:47:13', '2021-01-20 15:47:13'),
(8, '2021-01-20 22:47:13', '2021-01-20 22:47:13', '2021-01-20 22:47:13', NULL, 'sampai', 8, '2021-01-20 15:47:13', '2021-01-20 15:47:13'),
(9, '2021-01-20 22:47:13', '2021-01-20 22:47:13', '2021-01-20 22:47:13', NULL, 'batal', 9, '2021-01-20 15:47:13', '2021-01-20 15:47:13'),
(10, '2021-01-20 22:47:13', '2021-01-20 22:47:13', '2021-01-20 22:47:13', NULL, 'batal', 10, '2021-01-20 15:47:13', '2021-01-20 15:47:13');

-- --------------------------------------------------------

--
-- Table structure for table `detailloadings`
--

CREATE TABLE `detailloadings` (
  `id` int(11) NOT NULL,
  `finalproduct_id` int(11) NOT NULL,
  `loading_id` int(11) NOT NULL,
  `harga` int(11) NOT NULL,
  `sub_total` int(11) NOT NULL,
  `created_at` timestamp NULL DEFAULT NULL,
  `updated_at` timestamp NULL DEFAULT NULL
) ENGINE=InnoDB DEFAULT CHARSET=utf8;

--
-- Dumping data for table `detailloadings`
--

INSERT INTO `detailloadings` (`id`, `finalproduct_id`, `loading_id`, `harga`, `sub_total`, `created_at`, `updated_at`) VALUES
(1, 1, 1, 2200, 297000, '2021-01-20 15:47:12', '2021-01-20 15:47:12'),
(2, 2, 1, 7800, 717600, '2021-01-20 15:47:12', '2021-01-20 15:47:12'),
(3, 3, 1, 2200, 180400, '2021-01-20 15:47:12', '2021-01-20 15:47:12'),
(4, 4, 1, 5000, 710000, '2021-01-20 15:47:12', '2021-01-20 15:47:12'),
(5, 5, 1, 4000, 396000, '2021-01-20 15:47:12', '2021-01-20 15:47:12'),
(6, 6, 1, 5000, 590000, '2021-01-20 15:47:12', '2021-01-20 15:47:12'),
(7, 7, 1, 4000, 452000, '2021-01-20 15:47:12', '2021-01-20 15:47:12'),
(8, 8, 1, 4000, 580000, '2021-01-20 15:47:12', '2021-01-20 15:47:12'),
(9, 9, 1, 2200, 272800, '2021-01-20 15:47:12', '2021-01-20 15:47:12'),
(10, 10, 1, 4600, 570400, '2021-01-20 15:47:12', '2021-01-20 15:47:12'),
(11, 11, 2, 5000, 685000, '2021-01-20 15:47:12', '2021-01-20 15:47:12'),
(12, 12, 2, 2900, 339300, '2021-01-20 15:47:12', '2021-01-20 15:47:12'),
(13, 13, 2, 1800, 203400, '2021-01-20 15:47:12', '2021-01-20 15:47:12'),
(14, 14, 2, 2900, 368300, '2021-01-20 15:47:12', '2021-01-20 15:47:12'),
(15, 15, 2, 5000, 495000, '2021-01-20 15:47:12', '2021-01-20 15:47:12'),
(16, 16, 2, 2200, 248600, '2021-01-20 15:47:12', '2021-01-20 15:47:12'),
(17, 17, 2, 3700, 307100, '2021-01-20 15:47:12', '2021-01-20 15:47:12'),
(18, 18, 2, 7800, 1099800, '2021-01-20 15:47:12', '2021-01-20 15:47:12'),
(19, 19, 2, 1000, 139000, '2021-01-20 15:47:12', '2021-01-20 15:47:12'),
(20, 20, 2, 4000, 336000, '2021-01-20 15:47:12', '2021-01-20 15:47:12'),
(21, 21, 3, 4000, 336000, '2021-01-20 15:47:12', '2021-01-20 15:47:12'),
(22, 22, 3, 1800, 268200, '2021-01-20 15:47:12', '2021-01-20 15:47:12'),
(23, 23, 3, 4000, 456000, '2021-01-20 15:47:12', '2021-01-20 15:47:12'),
(24, 24, 3, 4000, 588000, '2021-01-20 15:47:12', '2021-01-20 15:47:12'),
(25, 25, 3, 1800, 165600, '2021-01-20 15:47:12', '2021-01-20 15:47:12'),
(26, 26, 3, 5000, 455000, '2021-01-20 15:47:12', '2021-01-20 15:47:12'),
(27, 27, 3, 5000, 695000, '2021-01-20 15:47:12', '2021-01-20 15:47:12'),
(28, 28, 3, 4000, 448000, '2021-01-20 15:47:12', '2021-01-20 15:47:12'),
(29, 29, 3, 4600, 533600, '2021-01-20 15:47:12', '2021-01-20 15:47:12'),
(30, 30, 3, 2200, 288200, '2021-01-20 15:47:12', '2021-01-20 15:47:12'),
(31, 31, 4, 5000, 605000, '2021-01-20 15:47:12', '2021-01-20 15:47:12'),
(32, 32, 4, 7800, 670800, '2021-01-20 15:47:12', '2021-01-20 15:47:12'),
(33, 33, 4, 2200, 321200, '2021-01-20 15:47:12', '2021-01-20 15:47:12'),
(34, 34, 4, 1000, 128000, '2021-01-20 15:47:12', '2021-01-20 15:47:12'),
(35, 35, 4, 1800, 149400, '2021-01-20 15:47:12', '2021-01-20 15:47:12'),
(36, 36, 4, 4600, 667000, '2021-01-20 15:47:12', '2021-01-20 15:47:12'),
(37, 37, 4, 2900, 374100, '2021-01-20 15:47:12', '2021-01-20 15:47:12'),
(38, 38, 4, 3700, 466200, '2021-01-20 15:47:12', '2021-01-20 15:47:12'),
(39, 39, 4, 4000, 568000, '2021-01-20 15:47:12', '2021-01-20 15:47:12'),
(40, 40, 4, 4000, 388000, '2021-01-20 15:47:12', '2021-01-20 15:47:12'),
(41, 41, 5, 5000, 400000, '2021-01-20 15:47:12', '2021-01-20 15:47:12'),
(42, 42, 5, 5000, 630000, '2021-01-20 15:47:12', '2021-01-20 15:47:12'),
(43, 43, 5, 4600, 634800, '2021-01-20 15:47:12', '2021-01-20 15:47:12'),
(44, 44, 5, 5000, 515000, '2021-01-20 15:47:12', '2021-01-20 15:47:12'),
(45, 45, 5, 5000, 470000, '2021-01-20 15:47:12', '2021-01-20 15:47:12'),
(46, 46, 5, 2200, 323400, '2021-01-20 15:47:12', '2021-01-20 15:47:12'),
(47, 47, 5, 4000, 512000, '2021-01-20 15:47:12', '2021-01-20 15:47:12'),
(48, 48, 5, 2200, 281600, '2021-01-20 15:47:12', '2021-01-20 15:47:12'),
(49, 49, 5, 5000, 710000, '2021-01-20 15:47:12', '2021-01-20 15:47:12'),
(50, 50, 5, 5000, 645000, '2021-01-20 15:47:12', '2021-01-20 15:47:12'),
(51, 51, 6, 4000, 388000, '2021-01-20 15:47:12', '2021-01-20 15:47:12'),
(52, 52, 6, 4000, 336000, '2021-01-20 15:47:12', '2021-01-20 15:47:12'),
(53, 53, 6, 2200, 312400, '2021-01-20 15:47:12', '2021-01-20 15:47:12'),
(54, 54, 6, 4000, 320000, '2021-01-20 15:47:12', '2021-01-20 15:47:12'),
(55, 55, 6, 2900, 272600, '2021-01-20 15:47:12', '2021-01-20 15:47:12'),
(56, 56, 6, 1800, 187200, '2021-01-20 15:47:12', '2021-01-20 15:47:12'),
(57, 57, 6, 2900, 374100, '2021-01-20 15:47:12', '2021-01-20 15:47:12'),
(58, 58, 6, 2200, 226600, '2021-01-20 15:47:12', '2021-01-20 15:47:12'),
(59, 59, 6, 1800, 250200, '2021-01-20 15:47:12', '2021-01-20 15:47:12'),
(60, 60, 6, 2200, 233200, '2021-01-20 15:47:12', '2021-01-20 15:47:12'),
(61, 61, 7, 4000, 404000, '2021-01-20 15:47:12', '2021-01-20 15:47:12'),
(62, 62, 7, 4000, 424000, '2021-01-20 15:47:12', '2021-01-20 15:47:12'),
(63, 63, 7, 4600, 478400, '2021-01-20 15:47:12', '2021-01-20 15:47:12'),
(64, 64, 7, 2200, 264000, '2021-01-20 15:47:12', '2021-01-20 15:47:12'),
(65, 65, 7, 2200, 209000, '2021-01-20 15:47:12', '2021-01-20 15:47:12'),
(66, 66, 7, 2200, 297000, '2021-01-20 15:47:12', '2021-01-20 15:47:12'),
(67, 67, 7, 7800, 1021800, '2021-01-20 15:47:12', '2021-01-20 15:47:12'),
(68, 68, 7, 1800, 149400, '2021-01-20 15:47:12', '2021-01-20 15:47:12'),
(69, 69, 7, 4000, 472000, '2021-01-20 15:47:12', '2021-01-20 15:47:12'),
(70, 70, 7, 4000, 376000, '2021-01-20 15:47:12', '2021-01-20 15:47:12'),
(71, 71, 8, 4000, 320000, '2021-01-20 15:47:12', '2021-01-20 15:47:12'),
(72, 72, 8, 4000, 360000, '2021-01-20 15:47:13', '2021-01-20 15:47:13'),
(73, 73, 8, 2200, 187000, '2021-01-20 15:47:13', '2021-01-20 15:47:13'),
(74, 74, 8, 2200, 182600, '2021-01-20 15:47:13', '2021-01-20 15:47:13'),
(75, 75, 8, 4000, 332000, '2021-01-20 15:47:13', '2021-01-20 15:47:13'),
(76, 76, 8, 5000, 655000, '2021-01-20 15:47:13', '2021-01-20 15:47:13'),
(77, 77, 8, 6400, 537600, '2021-01-20 15:47:13', '2021-01-20 15:47:13'),
(78, 78, 8, 1800, 144000, '2021-01-20 15:47:13', '2021-01-20 15:47:13'),
(79, 79, 8, 5000, 480000, '2021-01-20 15:47:13', '2021-01-20 15:47:13'),
(80, 80, 8, 2900, 319000, '2021-01-20 15:47:13', '2021-01-20 15:47:13'),
(81, 81, 9, 5000, 460000, '2021-01-20 15:47:13', '2021-01-20 15:47:13'),
(82, 82, 9, 1000, 131000, '2021-01-20 15:47:13', '2021-01-20 15:47:13'),
(83, 83, 9, 3700, 492100, '2021-01-20 15:47:13', '2021-01-20 15:47:13'),
(84, 84, 9, 5000, 590000, '2021-01-20 15:47:13', '2021-01-20 15:47:13'),
(85, 85, 9, 2200, 248600, '2021-01-20 15:47:13', '2021-01-20 15:47:13'),
(86, 86, 9, 4000, 492000, '2021-01-20 15:47:13', '2021-01-20 15:47:13'),
(87, 87, 9, 4000, 472000, '2021-01-20 15:47:13', '2021-01-20 15:47:13'),
(88, 88, 9, 5000, 675000, '2021-01-20 15:47:13', '2021-01-20 15:47:13'),
(89, 89, 9, 1000, 138000, '2021-01-20 15:47:13', '2021-01-20 15:47:13'),
(90, 90, 9, 4000, 356000, '2021-01-20 15:47:13', '2021-01-20 15:47:13');

-- --------------------------------------------------------

--
-- Table structure for table `detailpayments`
--

CREATE TABLE `detailpayments` (
  `id` int(11) NOT NULL,
  `jatuh_tempo` date NOT NULL,
  `nominal_cicilan` int(11) NOT NULL,
  `tanggal_bayar` datetime DEFAULT NULL,
  `status_pembayaran` enum('lunas','belum lunas','batal') NOT NULL,
  `payment_id` int(11) NOT NULL,
  `created_at` timestamp NULL DEFAULT NULL,
  `updated_at` timestamp NULL DEFAULT NULL
) ENGINE=InnoDB DEFAULT CHARSET=utf8;

--
-- Dumping data for table `detailpayments`
--

INSERT INTO `detailpayments` (`id`, `jatuh_tempo`, `nominal_cicilan`, `tanggal_bayar`, `status_pembayaran`, `payment_id`, `created_at`, `updated_at`) VALUES
(1, '2020-01-01', 7980000, '2020-01-01 00:00:00', 'lunas', 1, '2019-12-31 17:00:00', '2019-12-31 17:00:00'),
(2, '2020-01-02', 5585000, '2020-01-02 00:00:00', 'lunas', 2, '2020-01-01 17:00:00', '2020-01-01 17:00:00'),
(3, '2020-01-03', 3109200, '2020-01-03 00:00:00', 'lunas', 3, '2020-01-02 17:00:00', '2020-01-02 17:00:00'),
(4, '2020-01-05', 1930400, '2020-01-05 00:00:00', 'lunas', 4, '2020-01-04 17:00:00', '2020-01-04 17:00:00'),
(5, '2020-01-06', 2060900, '2020-01-06 00:00:00', 'lunas', 5, '2020-01-05 17:00:00', '2020-01-05 17:00:00'),
(6, '2020-01-07', 1961000, '2020-01-07 00:00:00', 'lunas', 6, '2020-01-06 17:00:00', '2020-01-06 17:00:00'),
(7, '2020-01-08', 2359500, '2020-01-08 00:00:00', 'lunas', 7, '2020-01-07 17:00:00', '2020-01-07 17:00:00'),
(8, '2020-01-09', 3253400, '2020-01-09 00:00:00', 'lunas', 8, '2020-01-08 17:00:00', '2020-01-08 17:00:00'),
(9, '2020-01-11', 2835000, '2020-01-11 00:00:00', 'lunas', 9, '2020-01-10 17:00:00', '2020-01-10 17:00:00'),
(10, '2020-01-12', 1834500, '2020-01-12 00:00:00', 'lunas', 10, '2020-01-11 17:00:00', '2020-01-11 17:00:00'),
(11, '2020-01-14', 1729300, '2020-01-14 00:00:00', 'lunas', 11, '2020-01-13 17:00:00', '2020-01-13 17:00:00'),
(12, '2020-01-15', 2844400, '2020-01-15 00:00:00', 'lunas', 12, '2020-01-14 17:00:00', '2020-01-14 17:00:00'),
(13, '2020-01-17', 4838900, '2020-01-17 00:00:00', 'lunas', 13, '2020-01-16 17:00:00', '2020-01-16 17:00:00'),
(14, '2020-01-20', 3722500, '2020-01-20 00:00:00', 'lunas', 14, '2020-01-19 17:00:00', '2020-01-19 17:00:00'),
(15, '2020-01-21', 3493900, '2020-01-21 00:00:00', 'lunas', 15, '2020-01-20 17:00:00', '2020-01-20 17:00:00'),
(16, '2020-01-23', 1768800, '2020-01-23 00:00:00', 'lunas', 16, '2020-01-22 17:00:00', '2020-01-22 17:00:00'),
(17, '2020-01-24', 1134500, '2020-01-24 00:00:00', 'lunas', 17, '2020-01-23 17:00:00', '2020-01-23 17:00:00'),
(18, '2020-01-25', 2261900, '2020-01-25 00:00:00', 'lunas', 18, '2020-01-24 17:00:00', '2020-01-24 17:00:00'),
(19, '2020-01-27', 1612300, '2020-01-27 00:00:00', 'lunas', 19, '2020-01-26 17:00:00', '2020-01-26 17:00:00'),
(20, '2020-01-28', 2348500, '2020-01-28 00:00:00', 'lunas', 20, '2020-01-27 17:00:00', '2020-01-27 17:00:00'),
(21, '2020-01-30', 945800, '2020-01-30 00:00:00', 'lunas', 21, '2020-01-29 17:00:00', '2020-01-29 17:00:00'),
(22, '2020-01-31', 931400, '2020-01-31 00:00:00', 'lunas', 22, '2020-01-30 17:00:00', '2020-01-30 17:00:00'),
(23, '2020-02-02', 2555400, '2020-02-02 00:00:00', 'lunas', 23, '2020-02-01 17:00:00', '2020-02-01 17:00:00'),
(24, '2020-02-03', 2635900, '2020-02-03 00:00:00', 'lunas', 24, '2020-02-02 17:00:00', '2020-02-02 17:00:00'),
(25, '2020-02-05', 2374500, '2020-02-05 00:00:00', 'lunas', 25, '2020-02-04 17:00:00', '2020-02-04 17:00:00'),
(26, '2020-02-06', 1957100, '2020-02-06 00:00:00', 'lunas', 26, '2020-02-05 17:00:00', '2020-02-05 17:00:00'),
(27, '2020-02-08', 2438400, '2020-02-08 00:00:00', 'lunas', 27, '2020-02-07 17:00:00', '2020-02-07 17:00:00'),
(28, '2020-02-10', 2342500, '2020-02-10 00:00:00', 'lunas', 28, '2020-02-09 17:00:00', '2020-02-09 17:00:00'),
(29, '2020-02-11', 2822400, '2020-02-11 00:00:00', 'lunas', 29, '2020-02-10 17:00:00', '2020-02-10 17:00:00'),
(30, '2020-02-12', 2348300, '2020-02-12 00:00:00', 'lunas', 30, '2020-02-11 17:00:00', '2020-02-11 17:00:00'),
(31, '2020-02-14', 2317000, '2020-02-14 00:00:00', 'lunas', 31, '2020-02-13 17:00:00', '2020-02-13 17:00:00'),
(32, '2020-02-15', 2421900, '2020-02-15 00:00:00', 'lunas', 32, '2020-02-14 17:00:00', '2020-02-14 17:00:00'),
(33, '2020-02-17', 10781800, '2020-02-17 00:00:00', 'lunas', 33, '2020-02-16 17:00:00', '2020-02-16 17:00:00'),
(34, '2020-02-18', 2569800, '2020-02-18 00:00:00', 'lunas', 34, '2020-02-17 17:00:00', '2020-02-17 17:00:00'),
(35, '2020-02-19', 2938450, '2020-02-19 00:00:00', 'lunas', 35, '2020-02-18 17:00:00', '2020-02-18 17:00:00'),
(36, '2020-02-21', 3021800, '2020-02-21 00:00:00', 'lunas', 36, '2020-02-20 17:00:00', '2020-02-20 17:00:00'),
(37, '2020-02-22', 2128750, '2020-02-22 00:00:00', 'lunas', 37, '2020-02-21 17:00:00', '2020-02-21 17:00:00'),
(38, '2020-02-23', 2312600, '2020-02-23 00:00:00', 'lunas', 38, '2020-02-22 17:00:00', '2020-02-22 17:00:00'),
(39, '2020-02-25', 5152800, '2020-02-25 00:00:00', 'lunas', 39, '2020-02-24 17:00:00', '2020-02-24 17:00:00'),
(40, '2020-02-27', 2596500, '2020-02-27 00:00:00', 'lunas', 40, '2020-02-26 17:00:00', '2020-02-26 17:00:00'),
(41, '2020-02-28', 2532400, '2020-02-28 00:00:00', 'lunas', 41, '2020-02-27 17:00:00', '2020-02-27 17:00:00'),
(42, '2020-03-01', 3748500, '2020-03-01 00:00:00', 'lunas', 42, '2020-02-29 17:00:00', '2020-02-29 17:00:00'),
(43, '2020-03-03', 3378600, '2020-03-03 00:00:00', 'lunas', 43, '2020-03-02 17:00:00', '2020-03-02 17:00:00'),
(44, '2020-03-04', 3080200, '2020-03-04 00:00:00', 'lunas', 44, '2020-03-03 17:00:00', '2020-03-03 17:00:00'),
(45, '2020-03-05', 2485800, '2020-03-05 00:00:00', 'lunas', 45, '2020-03-04 17:00:00', '2020-03-04 17:00:00'),
(46, '2020-03-06', 3018200, '2020-03-06 00:00:00', 'lunas', 46, '2020-03-05 17:00:00', '2020-03-05 17:00:00'),
(47, '2020-03-08', 1987400, '2020-03-08 00:00:00', 'lunas', 47, '2020-03-07 17:00:00', '2020-03-07 17:00:00'),
(48, '2020-03-09', 2709800, '2020-03-09 00:00:00', 'lunas', 48, '2020-03-08 17:00:00', '2020-03-08 17:00:00'),
(49, '2020-03-10', 2310500, '2020-03-10 00:00:00', 'lunas', 49, '2020-03-09 17:00:00', '2020-03-09 17:00:00'),
(50, '2020-03-11', 3273300, '2020-03-11 00:00:00', 'lunas', 50, '2020-03-10 17:00:00', '2020-03-10 17:00:00'),
(51, '2020-03-13', 3053500, '2020-03-13 00:00:00', 'lunas', 51, '2020-03-12 17:00:00', '2020-03-12 17:00:00'),
(52, '2020-03-14', 2729500, '2020-03-14 00:00:00', 'lunas', 52, '2020-03-13 17:00:00', '2020-03-13 17:00:00'),
(53, '2020-03-15', 1972200, '2020-03-15 00:00:00', 'lunas', 53, '2020-03-14 17:00:00', '2020-03-14 17:00:00'),
(54, '2020-03-17', 3006500, '2020-03-17 00:00:00', 'lunas', 54, '2020-03-16 17:00:00', '2020-03-16 17:00:00'),
(55, '2020-03-18', 5367100, '2020-03-18 00:00:00', 'lunas', 55, '2020-03-17 17:00:00', '2020-03-17 17:00:00'),
(56, '2020-03-19', 4523200, '2020-03-19 00:00:00', 'lunas', 56, '2020-03-18 17:00:00', '2020-03-18 17:00:00'),
(57, '2020-03-20', 3310100, '2020-03-20 00:00:00', 'lunas', 57, '2020-03-19 17:00:00', '2020-03-19 17:00:00'),
(58, '2020-03-22', 9162700, '2020-03-22 00:00:00', 'lunas', 58, '2020-03-21 17:00:00', '2020-03-21 17:00:00'),
(59, '2020-03-23', 3210300, '2020-03-23 00:00:00', 'lunas', 59, '2020-03-22 17:00:00', '2020-03-22 17:00:00'),
(60, '2020-03-24', 4459900, '2020-03-24 00:00:00', 'lunas', 60, '2020-03-23 17:00:00', '2020-03-23 17:00:00'),
(61, '2020-03-26', 3403300, '2020-03-26 00:00:00', 'lunas', 61, '2020-03-25 17:00:00', '2020-03-25 17:00:00'),
(62, '2020-03-27', 5130600, '2020-03-27 00:00:00', 'lunas', 62, '2020-03-26 17:00:00', '2020-03-26 17:00:00'),
(63, '2020-03-29', 4185500, '2020-03-29 00:00:00', 'lunas', 63, '2020-03-28 17:00:00', '2020-03-28 17:00:00'),
(64, '2020-03-30', 4937400, '2020-03-30 00:00:00', 'lunas', 64, '2020-03-29 17:00:00', '2020-03-29 17:00:00'),
(65, '2020-04-01', 4757900, '2020-04-01 00:00:00', 'lunas', 65, '2020-03-31 17:00:00', '2020-03-31 17:00:00'),
(66, '2020-04-02', 3988700, '2020-04-02 00:00:00', 'lunas', 66, '2020-04-01 17:00:00', '2020-04-01 17:00:00'),
(67, '2020-04-03', 4379000, '2020-04-03 00:00:00', 'lunas', 67, '2020-04-02 17:00:00', '2020-04-02 17:00:00'),
(68, '2020-04-04', 3662100, '2020-04-04 00:00:00', 'lunas', 68, '2020-04-03 17:00:00', '2020-04-03 17:00:00'),
(69, '2020-04-06', 12194800, '2020-04-06 00:00:00', 'lunas', 69, '2020-04-05 17:00:00', '2020-04-05 17:00:00'),
(70, '2020-04-07', 5263500, '2020-04-07 00:00:00', 'lunas', 70, '2020-04-06 17:00:00', '2020-04-06 17:00:00'),
(71, '2020-04-08', 13922600, '2020-04-08 00:00:00', 'lunas', 71, '2020-04-07 17:00:00', '2020-04-07 17:00:00'),
(72, '2020-04-09', 4216700, '2020-04-09 00:00:00', 'lunas', 72, '2020-04-08 17:00:00', '2020-04-08 17:00:00'),
(73, '2020-04-10', 5227600, '2020-04-10 00:00:00', 'lunas', 73, '2020-04-09 17:00:00', '2020-04-09 17:00:00'),
(74, '2020-04-11', 4548000, '2020-04-11 00:00:00', 'lunas', 74, '2020-04-10 17:00:00', '2020-04-10 17:00:00'),
(75, '2020-04-13', 4770500, '2020-04-13 00:00:00', 'lunas', 75, '2020-04-12 17:00:00', '2020-04-12 17:00:00'),
(76, '2020-04-14', 3915500, '2020-04-14 00:00:00', 'lunas', 76, '2020-04-13 17:00:00', '2020-04-13 17:00:00'),
(77, '2020-04-15', 4457200, '2020-04-15 00:00:00', 'lunas', 77, '2020-04-14 17:00:00', '2020-04-14 17:00:00'),
(78, '2020-04-16', 3499700, '2020-04-16 00:00:00', 'lunas', 78, '2020-04-15 17:00:00', '2020-04-15 17:00:00'),
(79, '2020-04-17', 4007050, '2020-04-17 00:00:00', 'lunas', 79, '2020-04-16 17:00:00', '2020-04-16 17:00:00'),
(80, '2020-04-19', 3597500, '2020-04-19 00:00:00', 'lunas', 80, '2020-04-18 17:00:00', '2020-04-18 17:00:00'),
(81, '2020-04-20', 3200500, '2020-04-20 00:00:00', 'lunas', 81, '2020-04-19 17:00:00', '2020-04-19 17:00:00'),
(82, '2020-04-21', 3768800, '2020-04-21 00:00:00', 'lunas', 82, '2020-04-20 17:00:00', '2020-04-20 17:00:00'),
(83, '2020-04-22', 1973700, '2020-04-22 00:00:00', 'lunas', 83, '2020-04-21 17:00:00', '2020-04-21 17:00:00'),
(84, '2020-04-23', 3932000, '2020-04-23 00:00:00', 'lunas', 84, '2020-04-22 17:00:00', '2020-04-22 17:00:00'),
(85, '2020-04-25', 3826750, '2020-04-25 00:00:00', 'lunas', 85, '2020-04-24 17:00:00', '2020-04-24 17:00:00'),
(86, '2020-04-26', 4936200, '2020-04-26 00:00:00', 'lunas', 86, '2020-04-25 17:00:00', '2020-04-25 17:00:00'),
(87, '2020-04-27', 4318800, '2020-04-27 00:00:00', 'lunas', 87, '2020-04-26 17:00:00', '2020-04-26 17:00:00'),
(88, '2020-04-28', 2887500, '2020-04-28 00:00:00', 'lunas', 88, '2020-04-27 17:00:00', '2020-04-27 17:00:00'),
(89, '2020-04-29', 3543700, '2020-04-29 00:00:00', 'lunas', 89, '2020-04-28 17:00:00', '2020-04-28 17:00:00'),
(90, '2020-04-30', 3836000, '2020-04-30 00:00:00', 'lunas', 90, '2020-04-29 17:00:00', '2020-04-29 17:00:00'),
(91, '2020-05-01', 3318500, '2020-05-01 00:00:00', 'lunas', 91, '2020-04-30 17:00:00', '2020-04-30 17:00:00'),
(92, '2020-05-02', 3794500, '2020-05-02 00:00:00', 'lunas', 92, '2020-05-01 17:00:00', '2020-05-01 17:00:00'),
(93, '2020-05-03', 3853600, '2020-05-03 00:00:00', 'lunas', 93, '2020-05-02 17:00:00', '2020-05-02 17:00:00'),
(94, '2020-05-04', 3887500, '2020-05-04 00:00:00', 'lunas', 94, '2020-05-03 17:00:00', '2020-05-03 17:00:00'),
(95, '2020-05-05', 4699700, '2020-05-05 00:00:00', 'lunas', 95, '2020-05-04 17:00:00', '2020-05-04 17:00:00'),
(96, '2020-05-06', 4318800, '2020-05-06 00:00:00', 'lunas', 96, '2020-05-05 17:00:00', '2020-05-05 17:00:00'),
(97, '2020-05-08', 4435000, '2020-05-08 00:00:00', 'lunas', 97, '2020-05-07 17:00:00', '2020-05-07 17:00:00'),
(98, '2020-05-09', 3048000, '2020-05-09 00:00:00', 'lunas', 98, '2020-05-08 17:00:00', '2020-05-08 17:00:00'),
(99, '2020-05-10', 8341800, '2020-05-10 00:00:00', 'lunas', 99, '2020-05-09 17:00:00', '2020-05-09 17:00:00'),
(100, '2020-05-12', 2876000, '2020-05-12 00:00:00', 'lunas', 100, '2020-05-11 17:00:00', '2020-05-11 17:00:00'),
(101, '2020-05-13', 3450300, '2020-05-13 00:00:00', 'lunas', 101, '2020-05-12 17:00:00', '2020-05-12 17:00:00'),
(102, '2020-05-14', 3416100, '2020-05-14 00:00:00', 'lunas', 102, '2020-05-13 17:00:00', '2020-05-13 17:00:00'),
(103, '2020-05-15', 3648100, '2020-05-15 00:00:00', 'lunas', 103, '2020-05-14 17:00:00', '2020-05-14 17:00:00'),
(104, '2020-05-17', 3755200, '2020-05-17 00:00:00', 'lunas', 104, '2020-05-16 17:00:00', '2020-05-16 17:00:00'),
(105, '2020-05-18', 4711000, '2020-05-18 00:00:00', 'lunas', 105, '2020-05-17 17:00:00', '2020-05-17 17:00:00'),
(106, '2020-05-19', 3865600, '2020-05-19 00:00:00', 'lunas', 106, '2020-05-18 17:00:00', '2020-05-18 17:00:00'),
(107, '2020-05-20', 4138500, '2020-05-20 00:00:00', 'lunas', 107, '2020-05-19 17:00:00', '2020-05-19 17:00:00'),
(108, '2020-05-22', 3671400, '2020-05-22 00:00:00', 'lunas', 108, '2020-05-21 17:00:00', '2020-05-21 17:00:00'),
(109, '2020-05-23', 6688500, '2020-05-23 00:00:00', 'lunas', 109, '2020-05-22 17:00:00', '2020-05-22 17:00:00'),
(110, '2020-05-24', 4598000, '2020-05-24 00:00:00', 'lunas', 110, '2020-05-23 17:00:00', '2020-05-23 17:00:00'),
(111, '2020-05-25', 3517300, '2020-05-25 00:00:00', 'lunas', 111, '2020-05-24 17:00:00', '2020-05-24 17:00:00'),
(112, '2020-05-27', 3581800, '2020-05-27 00:00:00', 'lunas', 112, '2020-05-26 17:00:00', '2020-05-26 17:00:00'),
(113, '2020-05-28', 3511500, '2020-05-28 00:00:00', 'lunas', 113, '2020-05-27 17:00:00', '2020-05-27 17:00:00'),
(114, '2020-05-29', 4917300, '2020-05-29 00:00:00', 'lunas', 114, '2020-05-28 17:00:00', '2020-05-28 17:00:00'),
(115, '2020-05-30', 3802500, '2020-05-30 00:00:00', 'lunas', 115, '2020-05-29 17:00:00', '2020-05-29 17:00:00'),
(116, '2020-06-01', 12715200, '2020-06-01 00:00:00', 'lunas', 116, '2020-05-31 17:00:00', '2020-05-31 17:00:00'),
(117, '2020-06-02', 3321700, '2020-06-02 00:00:00', 'lunas', 117, '2020-06-01 17:00:00', '2020-06-01 17:00:00'),
(118, '2020-06-03', 4868800, '2020-06-03 00:00:00', 'lunas', 118, '2020-06-02 17:00:00', '2020-06-02 17:00:00'),
(119, '2020-06-04', 3485100, '2020-06-04 00:00:00', 'lunas', 119, '2020-06-03 17:00:00', '2020-06-03 17:00:00'),
(120, '2020-06-07', 4062800, '2020-06-07 00:00:00', 'lunas', 120, '2020-06-06 17:00:00', '2020-06-06 17:00:00'),
(121, '2020-06-08', 3505600, '2020-06-08 00:00:00', 'lunas', 121, '2020-06-07 17:00:00', '2020-06-07 17:00:00'),
(122, '2020-06-09', 3971300, '2020-06-09 00:00:00', 'lunas', 122, '2020-06-08 17:00:00', '2020-06-08 17:00:00'),
(123, '2020-06-10', 3431000, '2020-06-10 00:00:00', 'lunas', 123, '2020-06-09 17:00:00', '2020-06-09 17:00:00'),
(124, '2020-06-11', 3423400, '2020-06-11 00:00:00', 'lunas', 124, '2020-06-10 17:00:00', '2020-06-10 17:00:00'),
(125, '2020-06-13', 3369600, '2020-06-13 00:00:00', 'lunas', 125, '2020-06-12 17:00:00', '2020-06-12 17:00:00'),
(126, '2020-06-14', 5460900, '2020-06-14 00:00:00', 'lunas', 126, '2020-06-13 17:00:00', '2020-06-13 17:00:00'),
(127, '2020-06-15', 4657000, '2020-06-15 00:00:00', 'lunas', 127, '2020-06-14 17:00:00', '2020-06-14 17:00:00'),
(128, '2020-06-16', 4224300, '2020-06-16 00:00:00', 'lunas', 128, '2020-06-15 17:00:00', '2020-06-15 17:00:00'),
(129, '2020-06-17', 4203500, '2020-06-17 00:00:00', 'lunas', 129, '2020-06-16 17:00:00', '2020-06-16 17:00:00'),
(130, '2020-06-19', 6747500, '2020-06-19 00:00:00', 'lunas', 130, '2020-06-18 17:00:00', '2020-06-18 17:00:00'),
(131, '2020-06-20', 4018700, '2020-06-20 00:00:00', 'lunas', 131, '2020-06-19 17:00:00', '2020-06-19 17:00:00'),
(132, '2020-06-21', 3354900, '2020-06-21 00:00:00', 'lunas', 132, '2020-06-20 17:00:00', '2020-06-20 17:00:00'),
(133, '2020-06-22', 4613100, '2020-06-22 00:00:00', 'lunas', 133, '2020-06-21 17:00:00', '2020-06-21 17:00:00'),
(134, '2020-06-24', 5234500, '2020-06-24 00:00:00', 'lunas', 134, '2020-06-23 17:00:00', '2020-06-23 17:00:00'),
(135, '2020-06-25', 3951500, '2020-06-25 00:00:00', 'lunas', 135, '2020-06-24 17:00:00', '2020-06-24 17:00:00'),
(136, '2020-06-26', 3956000, '2020-06-26 00:00:00', 'lunas', 136, '2020-06-25 17:00:00', '2020-06-25 17:00:00'),
(137, '2020-06-27', 5359100, '2020-06-27 00:00:00', 'lunas', 137, '2020-06-26 17:00:00', '2020-06-26 17:00:00'),
(138, '2020-06-28', 4564900, '2020-06-28 00:00:00', 'lunas', 138, '2020-06-27 17:00:00', '2020-06-27 17:00:00'),
(139, '2020-06-29', 3745300, '2020-06-29 00:00:00', 'lunas', 139, '2020-06-28 17:00:00', '2020-06-28 17:00:00'),
(140, '2020-06-30', 4144400, '2020-06-30 00:00:00', 'lunas', 140, '2020-06-29 17:00:00', '2020-06-29 17:00:00'),
(141, '2020-07-01', 6335900, '2020-07-01 00:00:00', 'lunas', 141, '2020-06-30 17:00:00', '2020-06-30 17:00:00'),
(142, '2020-07-02', 5519100, '2020-07-02 00:00:00', 'lunas', 142, '2020-07-01 17:00:00', '2020-07-01 17:00:00'),
(143, '2020-07-04', 4623900, '2020-07-04 00:00:00', 'lunas', 143, '2020-07-03 17:00:00', '2020-07-03 17:00:00'),
(144, '2020-07-05', 5146500, '2020-07-05 00:00:00', 'lunas', 144, '2020-07-04 17:00:00', '2020-07-04 17:00:00'),
(145, '2020-07-06', 5302700, '2020-07-06 00:00:00', 'lunas', 145, '2020-07-05 17:00:00', '2020-07-05 17:00:00'),
(146, '2020-07-07', 4036100, '2020-07-07 00:00:00', 'lunas', 146, '2020-07-06 17:00:00', '2020-07-06 17:00:00'),
(147, '2020-07-08', 5122900, '2020-07-08 00:00:00', 'lunas', 147, '2020-07-07 17:00:00', '2020-07-07 17:00:00'),
(148, '2020-07-09', 4023500, '2020-07-09 00:00:00', 'lunas', 148, '2020-07-08 17:00:00', '2020-07-08 17:00:00'),
(149, '2020-07-10', 4818600, '2020-07-10 00:00:00', 'lunas', 149, '2020-07-09 17:00:00', '2020-07-09 17:00:00'),
(150, '2020-07-11', 4483800, '2020-07-11 00:00:00', 'lunas', 150, '2020-07-10 17:00:00', '2020-07-10 17:00:00'),
(151, '2020-07-13', 5330400, '2020-07-13 00:00:00', 'lunas', 151, '2020-07-12 17:00:00', '2020-07-12 17:00:00'),
(152, '2020-07-14', 3809800, '2020-07-14 00:00:00', 'lunas', 152, '2020-07-13 17:00:00', '2020-07-13 17:00:00'),
(153, '2020-07-15', 3982400, '2020-07-15 00:00:00', 'lunas', 153, '2020-07-14 17:00:00', '2020-07-14 17:00:00'),
(154, '2020-07-16', 25192800, '2020-07-16 00:00:00', 'lunas', 154, '2020-07-15 17:00:00', '2020-07-15 17:00:00'),
(155, '2020-07-17', 6637700, '2020-07-17 00:00:00', 'lunas', 155, '2020-07-16 17:00:00', '2020-07-16 17:00:00'),
(156, '2020-07-18', 6214100, '2020-07-18 00:00:00', 'lunas', 156, '2020-07-17 17:00:00', '2020-07-17 17:00:00'),
(157, '2020-07-19', 5605600, '2020-07-19 00:00:00', 'lunas', 157, '2020-07-18 17:00:00', '2020-07-18 17:00:00'),
(158, '2020-07-20', 4623000, '2020-07-20 00:00:00', 'lunas', 158, '2020-07-19 17:00:00', '2020-07-19 17:00:00'),
(159, '2020-07-21', 5360800, '2020-07-21 00:00:00', 'lunas', 159, '2020-07-20 17:00:00', '2020-07-20 17:00:00'),
(160, '2020-07-22', 5777900, '2020-07-22 00:00:00', 'lunas', 160, '2020-07-21 17:00:00', '2020-07-21 17:00:00'),
(161, '2020-07-23', 5895400, '2020-07-23 00:00:00', 'lunas', 161, '2020-07-22 17:00:00', '2020-07-22 17:00:00'),
(162, '2020-07-24', 5597500, '2020-07-24 00:00:00', 'lunas', 162, '2020-07-23 17:00:00', '2020-07-23 17:00:00'),
(163, '2020-07-25', 4488000, '2020-07-25 00:00:00', 'lunas', 163, '2020-07-24 17:00:00', '2020-07-24 17:00:00'),
(164, '2020-07-26', 5943000, '2020-07-26 00:00:00', 'lunas', 164, '2020-07-25 17:00:00', '2020-07-25 17:00:00'),
(165, '2020-07-27', 6902600, '2020-07-27 00:00:00', 'lunas', 165, '2020-07-26 17:00:00', '2020-07-26 17:00:00'),
(166, '2020-07-28', 24531100, '2020-07-28 00:00:00', 'lunas', 166, '2020-07-27 17:00:00', '2020-07-27 17:00:00'),
(167, '2020-07-29', 6873300, '2020-07-29 00:00:00', 'lunas', 167, '2020-07-28 17:00:00', '2020-07-28 17:00:00'),
(168, '2020-08-01', 25472000, '2020-08-01 00:00:00', 'lunas', 168, '2020-07-31 17:00:00', '2020-07-31 17:00:00'),
(169, '2020-08-02', 5414400, '2020-08-02 00:00:00', 'lunas', 169, '2020-08-01 17:00:00', '2020-08-01 17:00:00'),
(170, '2020-08-03', 5407500, '2020-08-03 00:00:00', 'lunas', 170, '2020-08-02 17:00:00', '2020-08-02 17:00:00'),
(171, '2020-08-04', 4398900, '2020-08-04 00:00:00', 'lunas', 171, '2020-08-03 17:00:00', '2020-08-03 17:00:00'),
(172, '2020-08-05', 5215000, '2020-08-05 00:00:00', 'lunas', 172, '2020-08-04 17:00:00', '2020-08-04 17:00:00'),
(173, '2020-08-06', 6376800, '2020-08-06 00:00:00', 'lunas', 173, '2020-08-05 17:00:00', '2020-08-05 17:00:00'),
(174, '2020-08-08', 5991100, '2020-08-08 00:00:00', 'lunas', 174, '2020-08-07 17:00:00', '2020-08-07 17:00:00'),
(175, '2020-08-09', 5717400, '2020-08-09 00:00:00', 'lunas', 175, '2020-08-08 17:00:00', '2020-08-08 17:00:00'),
(176, '2020-08-10', 5175800, '2020-08-10 00:00:00', 'lunas', 176, '2020-08-09 17:00:00', '2020-08-09 17:00:00'),
(177, '2020-08-11', 14749700, '2020-08-11 00:00:00', 'lunas', 177, '2020-08-10 17:00:00', '2020-08-10 17:00:00'),
(178, '2020-08-13', 26307300, '2020-08-13 00:00:00', 'lunas', 178, '2020-08-12 17:00:00', '2020-08-12 17:00:00'),
(179, '2020-08-14', 6068100, '2020-08-14 00:00:00', 'lunas', 179, '2020-08-13 17:00:00', '2020-08-13 17:00:00'),
(180, '2020-08-15', 7308800, '2020-08-15 00:00:00', 'lunas', 180, '2020-08-14 17:00:00', '2020-08-14 17:00:00'),
(181, '2020-08-16', 8167400, '2020-08-16 00:00:00', 'lunas', 181, '2020-08-15 17:00:00', '2020-08-15 17:00:00'),
(182, '2020-08-18', 6031000, '2020-08-18 00:00:00', 'lunas', 182, '2020-08-17 17:00:00', '2020-08-17 17:00:00'),
(183, '2020-08-19', 7143300, '2020-08-19 00:00:00', 'lunas', 183, '2020-08-18 17:00:00', '2020-08-18 17:00:00'),
(184, '2020-08-20', 5379300, '2020-08-20 00:00:00', 'lunas', 184, '2020-08-19 17:00:00', '2020-08-19 17:00:00'),
(185, '2020-08-21', 5501100, '2020-08-21 00:00:00', 'lunas', 185, '2020-08-20 17:00:00', '2020-08-20 17:00:00'),
(186, '2020-08-22', 5619400, '2020-08-22 00:00:00', 'lunas', 186, '2020-08-21 17:00:00', '2020-08-21 17:00:00'),
(187, '2020-08-23', 7074300, '2020-08-23 00:00:00', 'lunas', 187, '2020-08-22 17:00:00', '2020-08-22 17:00:00'),
(188, '2020-08-24', 7220000, '2020-08-24 00:00:00', 'lunas', 188, '2020-08-23 17:00:00', '2020-08-23 17:00:00'),
(189, '2020-08-25', 7982400, '2020-08-25 00:00:00', 'lunas', 189, '2020-08-24 17:00:00', '2020-08-24 17:00:00'),
(190, '2020-08-26', 6966400, '2020-08-26 00:00:00', 'lunas', 190, '2020-08-25 17:00:00', '2020-08-25 17:00:00'),
(191, '2020-08-27', 5493600, '2020-08-27 00:00:00', 'lunas', 191, '2020-08-26 17:00:00', '2020-08-26 17:00:00'),
(192, '2020-08-28', 7556200, '2020-08-28 00:00:00', 'lunas', 192, '2020-08-27 17:00:00', '2020-08-27 17:00:00'),
(193, '2020-08-29', 5971300, '2020-08-29 00:00:00', 'lunas', 193, '2020-08-28 17:00:00', '2020-08-28 17:00:00'),
(194, '2020-08-30', 5259500, '2020-08-30 00:00:00', 'lunas', 194, '2020-08-29 17:00:00', '2020-08-29 17:00:00'),
(195, '2020-08-31', 5318500, '2020-08-31 00:00:00', 'lunas', 195, '2020-08-30 17:00:00', '2020-08-30 17:00:00'),
(196, '2020-09-01', 6866300, '2020-09-01 00:00:00', 'lunas', 196, '2020-08-31 17:00:00', '2020-08-31 17:00:00'),
(197, '2020-09-02', 5356700, '2020-09-02 00:00:00', 'lunas', 197, '2020-09-01 17:00:00', '2020-09-01 17:00:00'),
(198, '2020-09-03', 7449200, '2020-09-03 00:00:00', 'lunas', 198, '2020-09-02 17:00:00', '2020-09-02 17:00:00'),
(199, '2020-09-04', 4240600, '2020-09-04 00:00:00', 'lunas', 199, '2020-09-03 17:00:00', '2020-09-03 17:00:00'),
(200, '2020-09-05', 5199400, '2020-09-05 00:00:00', 'lunas', 200, '2020-09-04 17:00:00', '2020-09-04 17:00:00'),
(201, '2020-09-06', 5474100, '2020-09-06 00:00:00', 'lunas', 201, '2020-09-05 17:00:00', '2020-09-05 17:00:00'),
(202, '2020-09-07', 5191800, '2020-09-07 00:00:00', 'lunas', 202, '2020-09-06 17:00:00', '2020-09-06 17:00:00'),
(203, '2020-09-08', 5226000, '2020-09-08 00:00:00', 'lunas', 203, '2020-09-07 17:00:00', '2020-09-07 17:00:00'),
(204, '2020-09-09', 6110800, '2020-09-09 00:00:00', 'lunas', 204, '2020-09-08 17:00:00', '2020-09-08 17:00:00'),
(205, '2020-09-10', 5992600, '2020-09-10 00:00:00', 'lunas', 205, '2020-09-09 17:00:00', '2020-09-09 17:00:00'),
(206, '2020-09-11', 6381500, '2020-09-11 00:00:00', 'lunas', 206, '2020-09-10 17:00:00', '2020-09-10 17:00:00'),
(207, '2020-09-12', 6887800, '2020-09-12 00:00:00', 'lunas', 207, '2020-09-11 17:00:00', '2020-09-11 17:00:00'),
(208, '2020-09-13', 6036400, '2020-09-13 00:00:00', 'lunas', 208, '2020-09-12 17:00:00', '2020-09-12 17:00:00'),
(209, '2020-09-14', 5168300, '2020-09-14 00:00:00', 'lunas', 209, '2020-09-13 17:00:00', '2020-09-13 17:00:00'),
(210, '2020-09-15', 6091400, '2020-09-15 00:00:00', 'lunas', 210, '2020-09-14 17:00:00', '2020-09-14 17:00:00'),
(211, '2020-09-16', 5215400, '2020-09-16 00:00:00', 'lunas', 211, '2020-09-15 17:00:00', '2020-09-15 17:00:00'),
(212, '2020-09-17', 5228600, '2020-09-17 00:00:00', 'lunas', 212, '2020-09-16 17:00:00', '2020-09-16 17:00:00'),
(213, '2020-09-18', 5872700, '2020-09-18 00:00:00', 'lunas', 213, '2020-09-17 17:00:00', '2020-09-17 17:00:00'),
(214, '2020-09-19', 6355400, '2020-09-19 00:00:00', 'lunas', 214, '2020-09-18 17:00:00', '2020-09-18 17:00:00'),
(215, '2020-09-20', 7550700, '2020-09-20 00:00:00', 'lunas', 215, '2020-09-19 17:00:00', '2020-09-19 17:00:00'),
(216, '2020-09-21', 6820600, '2020-09-21 00:00:00', 'lunas', 216, '2020-09-20 17:00:00', '2020-09-20 17:00:00'),
(217, '2020-09-22', 5346400, '2020-09-22 00:00:00', 'lunas', 217, '2020-09-21 17:00:00', '2020-09-21 17:00:00'),
(218, '2020-09-23', 5363400, '2020-09-23 00:00:00', 'lunas', 218, '2020-09-22 17:00:00', '2020-09-22 17:00:00'),
(219, '2020-09-24', 7480400, '2020-09-24 00:00:00', 'lunas', 219, '2020-09-23 17:00:00', '2020-09-23 17:00:00'),
(220, '2020-09-25', 7101200, '2020-09-25 00:00:00', 'lunas', 220, '2020-09-24 17:00:00', '2020-09-24 17:00:00'),
(221, '2020-09-26', 6608444, '2020-09-26 00:00:00', 'lunas', 221, '2020-09-25 17:00:00', '2020-09-25 17:00:00'),
(222, '2020-09-27', 4865800, '2020-09-27 00:00:00', 'lunas', 222, '2020-09-26 17:00:00', '2020-09-26 17:00:00'),
(223, '2020-09-28', 6456100, '2020-09-28 00:00:00', 'lunas', 223, '2020-09-27 17:00:00', '2020-09-27 17:00:00'),
(224, '2020-09-29', 8366400, '2020-09-29 00:00:00', 'lunas', 224, '2020-09-28 17:00:00', '2020-09-28 17:00:00'),
(225, '2020-09-30', 3820200, '2020-09-30 00:00:00', 'lunas', 225, '2020-09-29 17:00:00', '2020-09-29 17:00:00'),
(226, '2020-10-01', 6739500, '2020-10-01 00:00:00', 'lunas', 226, '2020-09-30 17:00:00', '2020-09-30 17:00:00'),
(227, '2020-10-02', 8246300, '2020-10-02 00:00:00', 'lunas', 227, '2020-10-01 17:00:00', '2020-10-01 17:00:00'),
(228, '2020-10-03', 6763000, '2020-10-03 00:00:00', 'lunas', 228, '2020-10-02 17:00:00', '2020-10-02 17:00:00'),
(229, '2020-10-04', 5147700, '2020-10-04 00:00:00', 'lunas', 229, '2020-10-03 17:00:00', '2020-10-03 17:00:00'),
(230, '2020-10-05', 7381400, '2020-10-05 00:00:00', 'lunas', 230, '2020-10-04 17:00:00', '2020-10-04 17:00:00'),
(231, '2020-10-06', 6335285, '2020-10-06 00:00:00', 'lunas', 231, '2020-10-05 17:00:00', '2020-10-05 17:00:00'),
(232, '2020-10-07', 7581400, '2020-10-07 00:00:00', 'lunas', 232, '2020-10-06 17:00:00', '2020-10-06 17:00:00'),
(233, '2020-10-08', 5705100, '2020-10-08 00:00:00', 'lunas', 233, '2020-10-07 17:00:00', '2020-10-07 17:00:00'),
(234, '2020-10-09', 5475200, '2020-10-09 00:00:00', 'lunas', 234, '2020-10-08 17:00:00', '2020-10-08 17:00:00'),
(235, '2020-10-10', 7145900, '2020-10-10 00:00:00', 'lunas', 235, '2020-10-09 17:00:00', '2020-10-09 17:00:00'),
(236, '2020-10-11', 7852200, '2020-10-11 00:00:00', 'lunas', 236, '2020-10-10 17:00:00', '2020-10-10 17:00:00'),
(237, '2020-10-12', 6985500, '2020-10-12 00:00:00', 'lunas', 237, '2020-10-11 17:00:00', '2020-10-11 17:00:00'),
(238, '2020-10-13', 5672100, '2020-10-13 00:00:00', 'lunas', 238, '2020-10-12 17:00:00', '2020-10-12 17:00:00'),
(239, '2020-10-14', 7744400, '2020-10-14 00:00:00', 'lunas', 239, '2020-10-13 17:00:00', '2020-10-13 17:00:00'),
(240, '2020-10-15', 4551000, '2020-10-15 00:00:00', 'lunas', 240, '2020-10-14 17:00:00', '2020-10-14 17:00:00'),
(241, '2020-10-16', 5513400, '2020-10-16 00:00:00', 'lunas', 241, '2020-10-15 17:00:00', '2020-10-15 17:00:00'),
(242, '2020-10-17', 6335285, '2020-10-17 00:00:00', 'lunas', 242, '2020-10-16 17:00:00', '2020-10-16 17:00:00'),
(243, '2020-10-18', 5728000, '2020-10-18 00:00:00', 'lunas', 243, '2020-10-17 17:00:00', '2020-10-17 17:00:00'),
(244, '2020-10-19', 5530100, '2020-10-19 00:00:00', 'lunas', 244, '2020-10-18 17:00:00', '2020-10-18 17:00:00'),
(245, '2020-10-20', 5513500, '2020-10-20 00:00:00', 'lunas', 245, '2020-10-19 17:00:00', '2020-10-19 17:00:00'),
(246, '2020-10-21', 6359400, '2020-10-21 00:00:00', 'lunas', 246, '2020-10-20 17:00:00', '2020-10-20 17:00:00'),
(247, '2020-10-22', 6208600, '2020-10-22 00:00:00', 'lunas', 247, '2020-10-21 17:00:00', '2020-10-21 17:00:00'),
(248, '2020-10-23', 6335285, '2020-10-23 00:00:00', 'lunas', 248, '2020-10-22 17:00:00', '2020-10-22 17:00:00'),
(249, '2020-10-24', 7091400, '2020-10-24 00:00:00', 'lunas', 249, '2020-10-23 17:00:00', '2020-10-23 17:00:00'),
(250, '2020-10-25', 7129300, '2020-10-25 00:00:00', 'lunas', 250, '2020-10-24 17:00:00', '2020-10-24 17:00:00'),
(251, '2020-10-26', 6134800, '2020-10-26 00:00:00', 'lunas', 251, '2020-10-25 17:00:00', '2020-10-25 17:00:00'),
(252, '2020-10-27', 5266900, '2020-10-27 00:00:00', 'lunas', 252, '2020-10-26 17:00:00', '2020-10-26 17:00:00'),
(253, '2020-10-28', 6376800, '2020-10-28 00:00:00', 'lunas', 253, '2020-10-27 17:00:00', '2020-10-27 17:00:00'),
(254, '2020-10-29', 5550700, '2020-10-29 00:00:00', 'lunas', 254, '2020-10-28 17:00:00', '2020-10-28 17:00:00'),
(255, '2020-10-30', 5659100, '2020-10-30 00:00:00', 'lunas', 255, '2020-10-29 17:00:00', '2020-10-29 17:00:00'),
(256, '2020-10-31', 6486200, '2020-10-31 00:00:00', 'lunas', 256, '2020-10-30 17:00:00', '2020-10-30 17:00:00'),
(257, '2020-11-01', 5488000, '2020-11-01 00:00:00', 'lunas', 257, '2020-10-31 17:00:00', '2020-10-31 17:00:00'),
(258, '2020-11-02', 7141000, '2020-11-02 00:00:00', 'lunas', 258, '2020-11-01 17:00:00', '2020-11-01 17:00:00'),
(259, '2020-11-03', 8381800, '2020-11-03 00:00:00', 'lunas', 259, '2020-11-02 17:00:00', '2020-11-02 17:00:00'),
(260, '2020-11-04', 5117300, '2020-11-04 00:00:00', 'lunas', 260, '2020-11-03 17:00:00', '2020-11-03 17:00:00'),
(261, '2020-11-05', 5503100, '2020-11-05 00:00:00', 'lunas', 261, '2020-11-04 17:00:00', '2020-11-04 17:00:00'),
(262, '2020-11-06', 5038000, '2020-11-06 00:00:00', 'lunas', 262, '2020-11-05 17:00:00', '2020-11-05 17:00:00'),
(263, '2020-11-07', 7439100, '2020-11-07 00:00:00', 'lunas', 263, '2020-11-06 17:00:00', '2020-11-06 17:00:00'),
(264, '2020-11-08', 5731900, '2020-11-08 00:00:00', 'lunas', 264, '2020-11-07 17:00:00', '2020-11-07 17:00:00'),
(265, '2020-11-09', 4918600, '2020-11-09 00:00:00', 'lunas', 265, '2020-11-08 17:00:00', '2020-11-08 17:00:00'),
(266, '2020-11-10', 7980500, '2020-11-10 00:00:00', 'lunas', 266, '2020-11-09 17:00:00', '2020-11-09 17:00:00'),
(267, '2020-11-11', 6632557, '2020-11-11 00:00:00', 'lunas', 267, '2020-11-10 17:00:00', '2020-11-10 17:00:00'),
(268, '2020-11-12', 8651400, '2020-11-12 00:00:00', 'lunas', 268, '2020-11-11 17:00:00', '2020-11-11 17:00:00'),
(269, '2020-11-13', 6717100, '2020-11-13 00:00:00', 'lunas', 269, '2020-11-12 17:00:00', '2020-11-12 17:00:00'),
(270, '2020-11-14', 6469400, '2020-11-14 00:00:00', 'lunas', 270, '2020-11-13 17:00:00', '2020-11-13 17:00:00'),
(271, '2020-11-15', 7039000, '2020-11-15 00:00:00', 'lunas', 271, '2020-11-14 17:00:00', '2020-11-14 17:00:00'),
(272, '2020-11-16', 6274400, '2020-11-16 00:00:00', 'lunas', 272, '2020-11-15 17:00:00', '2020-11-15 17:00:00'),
(273, '2020-11-17', 6632557, '2020-11-17 00:00:00', 'lunas', 273, '2020-11-16 17:00:00', '2020-11-16 17:00:00'),
(274, '2020-11-18', 7901900, '2020-11-18 00:00:00', 'lunas', 274, '2020-11-17 17:00:00', '2020-11-17 17:00:00'),
(275, '2020-11-19', 5996400, '2020-11-19 00:00:00', 'lunas', 275, '2020-11-18 17:00:00', '2020-11-18 17:00:00'),
(276, '2020-11-20', 5721600, '2020-11-20 00:00:00', 'lunas', 276, '2020-11-19 17:00:00', '2020-11-19 17:00:00'),
(277, '2020-11-21', 7779600, '2020-11-21 00:00:00', 'lunas', 277, '2020-11-20 17:00:00', '2020-11-20 17:00:00'),
(278, '2020-11-22', 7949400, '2020-11-22 00:00:00', 'lunas', 278, '2020-11-21 17:00:00', '2020-11-21 17:00:00'),
(279, '2020-11-23', 9570000, '2020-11-23 00:00:00', 'lunas', 279, '2020-11-22 17:00:00', '2020-11-22 17:00:00'),
(280, '2020-11-24', 5703000, '2020-11-24 00:00:00', 'lunas', 280, '2020-11-23 17:00:00', '2020-11-23 17:00:00'),
(281, '2020-11-25', 5568700, '2020-11-25 00:00:00', 'lunas', 281, '2020-11-24 17:00:00', '2020-11-24 17:00:00'),
(282, '2020-11-26', 5556500, '2020-11-26 00:00:00', 'lunas', 282, '2020-11-25 17:00:00', '2020-11-25 17:00:00'),
(283, '2020-11-27', 6461400, '2020-11-27 00:00:00', 'lunas', 283, '2020-11-26 17:00:00', '2020-11-26 17:00:00'),
(284, '2020-11-28', 6238800, '2020-11-28 00:00:00', 'lunas', 284, '2020-11-27 17:00:00', '2020-11-27 17:00:00'),
(285, '2020-11-29', 6168600, '2020-11-29 00:00:00', 'lunas', 285, '2020-11-28 17:00:00', '2020-11-28 17:00:00'),
(286, '2020-11-30', 7205100, '2020-11-30 00:00:00', 'lunas', 286, '2020-11-29 17:00:00', '2020-11-29 17:00:00');

-- --------------------------------------------------------

--
-- Table structure for table `finalproducts`
--

CREATE TABLE `finalproducts` (
  `id` int(11) NOT NULL,
  `tanggal_dibuat` date NOT NULL,
  `qty` int(11) NOT NULL,
  `status` tinyint(4) NOT NULL DEFAULT 1,
  `product_id` int(11) NOT NULL,
  `packing_id` int(11) NOT NULL,
  `created_at` timestamp NULL DEFAULT NULL,
  `updated_at` timestamp NULL DEFAULT NULL
) ENGINE=InnoDB DEFAULT CHARSET=utf8;

--
-- Dumping data for table `finalproducts`
--

INSERT INTO `finalproducts` (`id`, `tanggal_dibuat`, `qty`, `status`, `product_id`, `packing_id`, `created_at`, `updated_at`) VALUES
(1, '2021-01-20', 135, 0, 1, 1, '2021-01-20 15:47:11', '2021-01-20 15:47:11'),
(2, '2021-01-20', 92, 0, 14, 1, '2021-01-20 15:47:11', '2021-01-20 15:47:11'),
(3, '2021-01-20', 82, 0, 16, 1, '2021-01-20 15:47:11', '2021-01-20 15:47:11'),
(4, '2021-01-20', 142, 0, 10, 1, '2021-01-20 15:47:11', '2021-01-20 15:47:11'),
(5, '2021-01-20', 99, 0, 13, 1, '2021-01-20 15:47:11', '2021-01-20 15:47:11'),
(6, '2021-01-20', 118, 0, 10, 2, '2021-01-20 15:47:11', '2021-01-20 15:47:11'),
(7, '2021-01-20', 113, 0, 12, 2, '2021-01-20 15:47:11', '2021-01-20 15:47:11'),
(8, '2021-01-20', 145, 0, 12, 2, '2021-01-20 15:47:11', '2021-01-20 15:47:11'),
(9, '2021-01-20', 124, 0, 1, 2, '2021-01-20 15:47:11', '2021-01-20 15:47:11'),
(10, '2021-01-20', 124, 0, 11, 2, '2021-01-20 15:47:11', '2021-01-20 15:47:11'),
(11, '2021-01-20', 137, 0, 8, 3, '2021-01-20 15:47:11', '2021-01-20 15:47:11'),
(12, '2021-01-20', 117, 0, 2, 3, '2021-01-20 15:47:11', '2021-01-20 15:47:11'),
(13, '2021-01-20', 113, 0, 3, 3, '2021-01-20 15:47:11', '2021-01-20 15:47:11'),
(14, '2021-01-20', 127, 0, 2, 3, '2021-01-20 15:47:11', '2021-01-20 15:47:11'),
(15, '2021-01-20', 99, 0, 10, 3, '2021-01-20 15:47:11', '2021-01-20 15:47:11'),
(16, '2021-01-20', 113, 0, 16, 4, '2021-01-20 15:47:11', '2021-01-20 15:47:11'),
(17, '2021-01-20', 83, 0, 9, 4, '2021-01-20 15:47:11', '2021-01-20 15:47:11'),
(18, '2021-01-20', 141, 0, 14, 4, '2021-01-20 15:47:11', '2021-01-20 15:47:11'),
(19, '2021-01-20', 139, 0, 4, 4, '2021-01-20 15:47:11', '2021-01-20 15:47:11'),
(20, '2021-01-20', 84, 0, 6, 4, '2021-01-20 15:47:11', '2021-01-20 15:47:11'),
(21, '2021-01-20', 84, 0, 12, 5, '2021-01-20 15:47:11', '2021-01-20 15:47:11'),
(22, '2021-01-20', 149, 0, 3, 5, '2021-01-20 15:47:11', '2021-01-20 15:47:11'),
(23, '2021-01-20', 114, 0, 12, 5, '2021-01-20 15:47:11', '2021-01-20 15:47:11'),
(24, '2021-01-20', 147, 0, 6, 5, '2021-01-20 15:47:11', '2021-01-20 15:47:11'),
(25, '2021-01-20', 92, 0, 3, 5, '2021-01-20 15:47:11', '2021-01-20 15:47:11'),
(26, '2021-01-20', 91, 0, 8, 6, '2021-01-20 15:47:11', '2021-01-20 15:47:11'),
(27, '2021-01-20', 139, 0, 8, 6, '2021-01-20 15:47:11', '2021-01-20 15:47:11'),
(28, '2021-01-20', 112, 0, 12, 6, '2021-01-20 15:47:11', '2021-01-20 15:47:11'),
(29, '2021-01-20', 116, 0, 11, 6, '2021-01-20 15:47:11', '2021-01-20 15:47:11'),
(30, '2021-01-20', 131, 0, 15, 6, '2021-01-20 15:47:11', '2021-01-20 15:47:11'),
(31, '2021-01-20', 121, 0, 5, 7, '2021-01-20 15:47:11', '2021-01-20 15:47:11'),
(32, '2021-01-20', 86, 0, 14, 7, '2021-01-20 15:47:11', '2021-01-20 15:47:11'),
(33, '2021-01-20', 146, 0, 15, 7, '2021-01-20 15:47:11', '2021-01-20 15:47:11'),
(34, '2021-01-20', 128, 0, 4, 7, '2021-01-20 15:47:11', '2021-01-20 15:47:11'),
(35, '2021-01-20', 83, 0, 3, 7, '2021-01-20 15:47:11', '2021-01-20 15:47:11'),
(36, '2021-01-20', 145, 0, 11, 8, '2021-01-20 15:47:11', '2021-01-20 15:47:11'),
(37, '2021-01-20', 129, 0, 2, 8, '2021-01-20 15:47:11', '2021-01-20 15:47:11'),
(38, '2021-01-20', 126, 0, 9, 8, '2021-01-20 15:47:11', '2021-01-20 15:47:11'),
(39, '2021-01-20', 142, 0, 13, 8, '2021-01-20 15:47:11', '2021-01-20 15:47:11'),
(40, '2021-01-20', 97, 0, 12, 8, '2021-01-20 15:47:11', '2021-01-20 15:47:11'),
(41, '2021-01-20', 80, 0, 10, 9, '2021-01-20 15:47:11', '2021-01-20 15:47:11'),
(42, '2021-01-20', 126, 0, 8, 9, '2021-01-20 15:47:11', '2021-01-20 15:47:11'),
(43, '2021-01-20', 138, 0, 11, 9, '2021-01-20 15:47:11', '2021-01-20 15:47:11'),
(44, '2021-01-20', 103, 0, 10, 9, '2021-01-20 15:47:11', '2021-01-20 15:47:11'),
(45, '2021-01-20', 94, 0, 10, 9, '2021-01-20 15:47:11', '2021-01-20 15:47:11'),
(46, '2021-01-20', 147, 0, 1, 10, '2021-01-20 15:47:11', '2021-01-20 15:47:11'),
(47, '2021-01-20', 128, 0, 13, 10, '2021-01-20 15:47:11', '2021-01-20 15:47:11'),
(48, '2021-01-20', 128, 0, 16, 10, '2021-01-20 15:47:11', '2021-01-20 15:47:11'),
(49, '2021-01-20', 142, 0, 8, 10, '2021-01-20 15:47:11', '2021-01-20 15:47:11'),
(50, '2021-01-20', 129, 0, 8, 10, '2021-01-20 15:47:11', '2021-01-20 15:47:11'),
(51, '2021-01-20', 97, 0, 13, 11, '2021-01-20 15:47:11', '2021-01-20 15:47:11'),
(52, '2021-01-20', 84, 0, 13, 11, '2021-01-20 15:47:11', '2021-01-20 15:47:11'),
(53, '2021-01-20', 142, 0, 1, 11, '2021-01-20 15:47:11', '2021-01-20 15:47:11'),
(54, '2021-01-20', 80, 0, 13, 11, '2021-01-20 15:47:11', '2021-01-20 15:47:11'),
(55, '2021-01-20', 94, 0, 2, 11, '2021-01-20 15:47:11', '2021-01-20 15:47:11'),
(56, '2021-01-20', 104, 0, 3, 12, '2021-01-20 15:47:11', '2021-01-20 15:47:11'),
(57, '2021-01-20', 129, 0, 2, 12, '2021-01-20 15:47:11', '2021-01-20 15:47:11'),
(58, '2021-01-20', 103, 0, 16, 12, '2021-01-20 15:47:11', '2021-01-20 15:47:11'),
(59, '2021-01-20', 139, 0, 3, 12, '2021-01-20 15:47:11', '2021-01-20 15:47:11'),
(60, '2021-01-20', 106, 0, 16, 12, '2021-01-20 15:47:11', '2021-01-20 15:47:11'),
(61, '2021-01-20', 101, 0, 13, 13, '2021-01-20 15:47:11', '2021-01-20 15:47:11'),
(62, '2021-01-20', 106, 0, 12, 13, '2021-01-20 15:47:11', '2021-01-20 15:47:11'),
(63, '2021-01-20', 104, 0, 11, 13, '2021-01-20 15:47:11', '2021-01-20 15:47:11'),
(64, '2021-01-20', 120, 0, 15, 13, '2021-01-20 15:47:11', '2021-01-20 15:47:11'),
(65, '2021-01-20', 95, 0, 1, 13, '2021-01-20 15:47:11', '2021-01-20 15:47:11'),
(66, '2021-01-20', 135, 0, 15, 14, '2021-01-20 15:47:11', '2021-01-20 15:47:11'),
(67, '2021-01-20', 131, 0, 14, 14, '2021-01-20 15:47:11', '2021-01-20 15:47:11'),
(68, '2021-01-20', 83, 0, 3, 14, '2021-01-20 15:47:11', '2021-01-20 15:47:11'),
(69, '2021-01-20', 118, 0, 12, 14, '2021-01-20 15:47:11', '2021-01-20 15:47:11'),
(70, '2021-01-20', 94, 0, 12, 14, '2021-01-20 15:47:11', '2021-01-20 15:47:11'),
(71, '2021-01-20', 80, 0, 6, 15, '2021-01-20 15:47:11', '2021-01-20 15:47:11'),
(72, '2021-01-20', 90, 0, 6, 15, '2021-01-20 15:47:11', '2021-01-20 15:47:11'),
(73, '2021-01-20', 85, 0, 1, 15, '2021-01-20 15:47:11', '2021-01-20 15:47:11'),
(74, '2021-01-20', 83, 0, 1, 15, '2021-01-20 15:47:11', '2021-01-20 15:47:11'),
(75, '2021-01-20', 83, 0, 13, 15, '2021-01-20 15:47:12', '2021-01-20 15:47:12'),
(76, '2021-01-20', 131, 0, 8, 16, '2021-01-20 15:47:12', '2021-01-20 15:47:12'),
(77, '2021-01-20', 84, 0, 7, 16, '2021-01-20 15:47:12', '2021-01-20 15:47:12'),
(78, '2021-01-20', 80, 0, 3, 16, '2021-01-20 15:47:12', '2021-01-20 15:47:12'),
(79, '2021-01-20', 96, 0, 8, 16, '2021-01-20 15:47:12', '2021-01-20 15:47:12'),
(80, '2021-01-20', 110, 0, 2, 16, '2021-01-20 15:47:12', '2021-01-20 15:47:12'),
(81, '2021-01-20', 92, 1, 5, 17, '2021-01-20 15:47:12', '2021-01-20 15:47:12'),
(82, '2021-01-20', 131, 1, 4, 17, '2021-01-20 15:47:12', '2021-01-20 15:47:12'),
(83, '2021-01-20', 133, 1, 9, 17, '2021-01-20 15:47:12', '2021-01-20 15:47:12'),
(84, '2021-01-20', 118, 1, 8, 17, '2021-01-20 15:47:12', '2021-01-20 15:47:12'),
(85, '2021-01-20', 113, 1, 15, 17, '2021-01-20 15:47:12', '2021-01-20 15:47:12'),
(86, '2021-01-20', 123, 1, 12, 18, '2021-01-20 15:47:12', '2021-01-20 15:47:12'),
(87, '2021-01-20', 118, 1, 12, 18, '2021-01-20 15:47:12', '2021-01-20 15:47:12'),
(88, '2021-01-20', 135, 1, 10, 18, '2021-01-20 15:47:12', '2021-01-20 15:47:12'),
(89, '2021-01-20', 138, 1, 4, 18, '2021-01-20 15:47:12', '2021-01-20 15:47:12'),
(90, '2021-01-20', 89, 1, 13, 18, '2021-01-20 15:47:12', '2021-01-20 15:47:12'),
(91, '2021-01-20', 81, 1, 13, 19, '2021-01-20 15:47:12', '2021-01-20 15:47:12'),
(92, '2021-01-20', 133, 1, 8, 19, '2021-01-20 15:47:12', '2021-01-20 15:47:12'),
(93, '2021-01-20', 146, 1, 16, 19, '2021-01-20 15:47:12', '2021-01-20 15:47:12'),
(94, '2021-01-20', 114, 1, 9, 19, '2021-01-20 15:47:12', '2021-01-20 15:47:12'),
(95, '2021-01-20', 141, 1, 15, 19, '2021-01-20 15:47:12', '2021-01-20 15:47:12'),
(96, '2021-01-20', 112, 1, 12, 20, '2021-01-20 15:47:12', '2021-01-20 15:47:12'),
(97, '2021-01-20', 115, 1, 11, 20, '2021-01-20 15:47:12', '2021-01-20 15:47:12'),
(98, '2021-01-20', 133, 1, 9, 20, '2021-01-20 15:47:12', '2021-01-20 15:47:12'),
(99, '2021-01-20', 131, 1, 12, 20, '2021-01-20 15:47:12', '2021-01-20 15:47:12'),
(100, '2021-01-20', 101, 1, 9, 20, '2021-01-20 15:47:12', '2021-01-20 15:47:12'),
(101, '2021-01-20', 143, 1, 12, 21, '2021-01-20 15:47:12', '2021-01-20 15:47:12'),
(102, '2021-01-20', 147, 1, 5, 21, '2021-01-20 15:47:12', '2021-01-20 15:47:12'),
(103, '2021-01-20', 144, 1, 8, 21, '2021-01-20 15:47:12', '2021-01-20 15:47:12'),
(104, '2021-01-20', 97, 1, 12, 21, '2021-01-20 15:47:12', '2021-01-20 15:47:12'),
(105, '2021-01-20', 144, 1, 12, 21, '2021-01-20 15:47:12', '2021-01-20 15:47:12'),
(106, '2021-01-20', 145, 1, 15, 22, '2021-01-20 15:47:12', '2021-01-20 15:47:12'),
(107, '2021-01-20', 141, 1, 5, 22, '2021-01-20 15:47:12', '2021-01-20 15:47:12'),
(108, '2021-01-20', 86, 1, 3, 22, '2021-01-20 15:47:12', '2021-01-20 15:47:12'),
(109, '2021-01-20', 126, 1, 7, 22, '2021-01-20 15:47:12', '2021-01-20 15:47:12'),
(110, '2021-01-20', 113, 1, 8, 22, '2021-01-20 15:47:12', '2021-01-20 15:47:12'),
(111, '2021-01-20', 124, 1, 12, 23, '2021-01-20 15:47:12', '2021-01-20 15:47:12'),
(112, '2021-01-20', 116, 1, 15, 23, '2021-01-20 15:47:12', '2021-01-20 15:47:12'),
(113, '2021-01-20', 128, 1, 13, 23, '2021-01-20 15:47:12', '2021-01-20 15:47:12'),
(114, '2021-01-20', 102, 1, 12, 23, '2021-01-20 15:47:12', '2021-01-20 15:47:12'),
(115, '2021-01-20', 136, 1, 11, 23, '2021-01-20 15:47:12', '2021-01-20 15:47:12'),
(116, '2021-01-20', 100, 1, 9, 24, '2021-01-20 15:47:12', '2021-01-20 15:47:12'),
(117, '2021-01-20', 108, 1, 8, 24, '2021-01-20 15:47:12', '2021-01-20 15:47:12'),
(118, '2021-01-20', 92, 1, 7, 24, '2021-01-20 15:47:12', '2021-01-20 15:47:12'),
(119, '2021-01-20', 112, 1, 1, 24, '2021-01-20 15:47:12', '2021-01-20 15:47:12'),
(120, '2021-01-20', 144, 1, 5, 24, '2021-01-20 15:47:12', '2021-01-20 15:47:12'),
(121, '2021-01-20', 143, 1, 2, 25, '2021-01-20 15:47:12', '2021-01-20 15:47:12'),
(122, '2021-01-20', 145, 1, 11, 25, '2021-01-20 15:47:12', '2021-01-20 15:47:12'),
(123, '2021-01-20', 119, 1, 2, 25, '2021-01-20 15:47:12', '2021-01-20 15:47:12'),
(124, '2021-01-20', 91, 1, 12, 25, '2021-01-20 15:47:12', '2021-01-20 15:47:12'),
(125, '2021-01-20', 129, 1, 1, 25, '2021-01-20 15:47:12', '2021-01-20 15:47:12'),
(126, '2021-01-20', 92, 1, 5, 26, '2021-01-20 15:47:12', '2021-01-20 15:47:12'),
(127, '2021-01-20', 132, 1, 11, 26, '2021-01-20 15:47:12', '2021-01-20 15:47:12'),
(128, '2021-01-20', 114, 1, 11, 26, '2021-01-20 15:47:12', '2021-01-20 15:47:12'),
(129, '2021-01-20', 118, 1, 12, 26, '2021-01-20 15:47:12', '2021-01-20 15:47:12'),
(130, '2021-01-20', 124, 1, 8, 26, '2021-01-20 15:47:12', '2021-01-20 15:47:12'),
(131, '2021-01-20', 142, 1, 14, 27, '2021-01-20 15:47:12', '2021-01-20 15:47:12'),
(132, '2021-01-20', 123, 1, 11, 27, '2021-01-20 15:47:12', '2021-01-20 15:47:12'),
(133, '2021-01-20', 130, 1, 4, 27, '2021-01-20 15:47:12', '2021-01-20 15:47:12'),
(134, '2021-01-20', 116, 1, 3, 27, '2021-01-20 15:47:12', '2021-01-20 15:47:12'),
(135, '2021-01-20', 145, 1, 15, 27, '2021-01-20 15:47:12', '2021-01-20 15:47:12'),
(136, '2021-01-20', 81, 1, 9, 28, '2021-01-20 15:47:12', '2021-01-20 15:47:12'),
(137, '2021-01-20', 131, 1, 2, 28, '2021-01-20 15:47:12', '2021-01-20 15:47:12'),
(138, '2021-01-20', 107, 1, 15, 28, '2021-01-20 15:47:12', '2021-01-20 15:47:12'),
(139, '2021-01-20', 115, 1, 7, 28, '2021-01-20 15:47:12', '2021-01-20 15:47:12'),
(140, '2021-01-20', 121, 1, 7, 28, '2021-01-20 15:47:12', '2021-01-20 15:47:12'),
(141, '2021-01-20', 128, 1, 4, 29, '2021-01-20 15:47:12', '2021-01-20 15:47:12'),
(142, '2021-01-20', 97, 1, 8, 29, '2021-01-20 15:47:12', '2021-01-20 15:47:12'),
(143, '2021-01-20', 134, 1, 8, 29, '2021-01-20 15:47:12', '2021-01-20 15:47:12'),
(144, '2021-01-20', 112, 1, 13, 29, '2021-01-20 15:47:12', '2021-01-20 15:47:12'),
(145, '2021-01-20', 95, 1, 4, 29, '2021-01-20 15:47:12', '2021-01-20 15:47:12'),
(146, '2021-01-20', 80, 1, 3, 30, '2021-01-20 15:47:12', '2021-01-20 15:47:12'),
(147, '2021-01-20', 83, 1, 13, 30, '2021-01-20 15:47:12', '2021-01-20 15:47:12'),
(148, '2021-01-20', 138, 1, 12, 30, '2021-01-20 15:47:12', '2021-01-20 15:47:12'),
(149, '2021-01-20', 94, 1, 1, 30, '2021-01-20 15:47:12', '2021-01-20 15:47:12'),
(150, '2021-01-20', 99, 1, 3, 30, '2021-01-20 15:47:12', '2021-01-20 15:47:12'),
(151, '2021-01-20', 124, 1, 11, 31, '2021-01-20 15:47:12', '2021-01-20 15:47:12'),
(152, '2021-01-20', 115, 1, 3, 31, '2021-01-20 15:47:12', '2021-01-20 15:47:12'),
(153, '2021-01-20', 147, 1, 10, 31, '2021-01-20 15:47:12', '2021-01-20 15:47:12'),
(154, '2021-01-20', 129, 1, 9, 31, '2021-01-20 15:47:12', '2021-01-20 15:47:12'),
(155, '2021-01-20', 92, 1, 7, 31, '2021-01-20 15:47:12', '2021-01-20 15:47:12'),
(156, '2021-01-20', 123, 1, 12, 32, '2021-01-20 15:47:12', '2021-01-20 15:47:12'),
(157, '2021-01-20', 128, 1, 7, 32, '2021-01-20 15:47:12', '2021-01-20 15:47:12'),
(158, '2021-01-20', 95, 1, 10, 32, '2021-01-20 15:47:12', '2021-01-20 15:47:12'),
(159, '2021-01-20', 105, 1, 7, 32, '2021-01-20 15:47:12', '2021-01-20 15:47:12'),
(160, '2021-01-20', 93, 1, 8, 32, '2021-01-20 15:47:12', '2021-01-20 15:47:12'),
(161, '2021-01-20', 121, 1, 16, 33, '2021-01-20 15:47:12', '2021-01-20 15:47:12'),
(162, '2021-01-20', 144, 1, 15, 33, '2021-01-20 15:47:12', '2021-01-20 15:47:12'),
(163, '2021-01-20', 105, 1, 1, 33, '2021-01-20 15:47:12', '2021-01-20 15:47:12'),
(164, '2021-01-20', 119, 1, 3, 33, '2021-01-20 15:47:12', '2021-01-20 15:47:12'),
(165, '2021-01-20', 140, 1, 5, 33, '2021-01-20 15:47:12', '2021-01-20 15:47:12'),
(166, '2021-01-20', 80, 1, 9, 34, '2021-01-20 15:47:12', '2021-01-20 15:47:12'),
(167, '2021-01-20', 132, 1, 15, 34, '2021-01-20 15:47:12', '2021-01-20 15:47:12'),
(168, '2021-01-20', 82, 1, 15, 34, '2021-01-20 15:47:12', '2021-01-20 15:47:12'),
(169, '2021-01-20', 130, 1, 13, 34, '2021-01-20 15:47:12', '2021-01-20 15:47:12'),
(170, '2021-01-20', 128, 1, 14, 34, '2021-01-20 15:47:12', '2021-01-20 15:47:12'),
(171, '2021-01-20', 138, 1, 10, 35, '2021-01-20 15:47:12', '2021-01-20 15:47:12'),
(172, '2021-01-20', 140, 1, 9, 35, '2021-01-20 15:47:12', '2021-01-20 15:47:12'),
(173, '2021-01-20', 86, 1, 7, 35, '2021-01-20 15:47:12', '2021-01-20 15:47:12'),
(174, '2021-01-20', 99, 1, 14, 35, '2021-01-20 15:47:12', '2021-01-20 15:47:12'),
(175, '2021-01-20', 99, 1, 7, 35, '2021-01-20 15:47:12', '2021-01-20 15:47:12'),
(176, '2021-01-20', 133, 1, 16, 36, '2021-01-20 15:47:12', '2021-01-20 15:47:12'),
(177, '2021-01-20', 115, 1, 7, 36, '2021-01-20 15:47:12', '2021-01-20 15:47:12'),
(178, '2021-01-20', 146, 1, 7, 36, '2021-01-20 15:47:12', '2021-01-20 15:47:12'),
(179, '2021-01-20', 109, 1, 5, 36, '2021-01-20 15:47:12', '2021-01-20 15:47:12'),
(180, '2021-01-20', 98, 1, 5, 36, '2021-01-20 15:47:12', '2021-01-20 15:47:12'),
(181, '2021-01-20', 113, 1, 11, 37, '2021-01-20 15:47:12', '2021-01-20 15:47:12'),
(182, '2021-01-20', 107, 1, 3, 37, '2021-01-20 15:47:12', '2021-01-20 15:47:12'),
(183, '2021-01-20', 138, 1, 13, 37, '2021-01-20 15:47:12', '2021-01-20 15:47:12'),
(184, '2021-01-20', 140, 1, 3, 37, '2021-01-20 15:47:12', '2021-01-20 15:47:12'),
(185, '2021-01-20', 133, 1, 14, 37, '2021-01-20 15:47:12', '2021-01-20 15:47:12'),
(186, '2021-01-20', 88, 1, 11, 38, '2021-01-20 15:47:12', '2021-01-20 15:47:12'),
(187, '2021-01-20', 95, 1, 6, 38, '2021-01-20 15:47:12', '2021-01-20 15:47:12'),
(188, '2021-01-20', 128, 1, 16, 38, '2021-01-20 15:47:12', '2021-01-20 15:47:12'),
(189, '2021-01-20', 120, 1, 11, 38, '2021-01-20 15:47:12', '2021-01-20 15:47:12'),
(190, '2021-01-20', 109, 1, 11, 38, '2021-01-20 15:47:12', '2021-01-20 15:47:12'),
(191, '2021-01-20', 84, 1, 12, 39, '2021-01-20 15:47:12', '2021-01-20 15:47:12'),
(192, '2021-01-20', 150, 1, 12, 39, '2021-01-20 15:47:12', '2021-01-20 15:47:12'),
(193, '2021-01-20', 103, 1, 9, 39, '2021-01-20 15:47:12', '2021-01-20 15:47:12'),
(194, '2021-01-20', 81, 1, 3, 39, '2021-01-20 15:47:12', '2021-01-20 15:47:12'),
(195, '2021-01-20', 84, 1, 2, 39, '2021-01-20 15:47:12', '2021-01-20 15:47:12'),
(196, '2021-01-20', 140, 1, 13, 40, '2021-01-20 15:47:12', '2021-01-20 15:47:12'),
(197, '2021-01-20', 115, 1, 15, 40, '2021-01-20 15:47:12', '2021-01-20 15:47:12'),
(198, '2021-01-20', 114, 1, 15, 40, '2021-01-20 15:47:12', '2021-01-20 15:47:12'),
(199, '2021-01-20', 128, 1, 5, 40, '2021-01-20 15:47:12', '2021-01-20 15:47:12'),
(200, '2021-01-20', 127, 1, 12, 40, '2021-01-20 15:47:12', '2021-01-20 15:47:12'),
(201, '2021-01-20', 91, 1, 14, 41, '2021-01-20 15:47:12', '2021-01-20 15:47:12'),
(202, '2021-01-20', 121, 1, 8, 41, '2021-01-20 15:47:12', '2021-01-20 15:47:12'),
(203, '2021-01-20', 126, 1, 5, 41, '2021-01-20 15:47:12', '2021-01-20 15:47:12'),
(204, '2021-01-20', 108, 1, 7, 41, '2021-01-20 15:47:12', '2021-01-20 15:47:12'),
(205, '2021-01-20', 87, 1, 6, 41, '2021-01-20 15:47:12', '2021-01-20 15:47:12'),
(206, '2021-01-20', 121, 1, 10, 42, '2021-01-20 15:47:12', '2021-01-20 15:47:12'),
(207, '2021-01-20', 109, 1, 3, 42, '2021-01-20 15:47:12', '2021-01-20 15:47:12'),
(208, '2021-01-20', 97, 1, 13, 42, '2021-01-20 15:47:12', '2021-01-20 15:47:12'),
(209, '2021-01-20', 124, 1, 3, 42, '2021-01-20 15:47:12', '2021-01-20 15:47:12'),
(210, '2021-01-20', 141, 1, 15, 42, '2021-01-20 15:47:12', '2021-01-20 15:47:12'),
(211, '2021-01-20', 130, 1, 15, 43, '2021-01-20 15:47:12', '2021-01-20 15:47:12'),
(212, '2021-01-20', 130, 1, 5, 43, '2021-01-20 15:47:12', '2021-01-20 15:47:12'),
(213, '2021-01-20', 95, 1, 12, 43, '2021-01-20 15:47:12', '2021-01-20 15:47:12'),
(214, '2021-01-20', 81, 1, 7, 43, '2021-01-20 15:47:12', '2021-01-20 15:47:12'),
(215, '2021-01-20', 136, 1, 12, 43, '2021-01-20 15:47:12', '2021-01-20 15:47:12'),
(216, '2021-01-20', 129, 1, 1, 44, '2021-01-20 15:47:12', '2021-01-20 15:47:12'),
(217, '2021-01-20', 112, 1, 1, 44, '2021-01-20 15:47:12', '2021-01-20 15:47:12'),
(218, '2021-01-20', 121, 1, 4, 44, '2021-01-20 15:47:12', '2021-01-20 15:47:12'),
(219, '2021-01-20', 137, 1, 10, 44, '2021-01-20 15:47:12', '2021-01-20 15:47:12'),
(220, '2021-01-20', 118, 1, 7, 44, '2021-01-20 15:47:12', '2021-01-20 15:47:12'),
(221, '2021-01-20', 127, 1, 12, 45, '2021-01-20 15:47:12', '2021-01-20 15:47:12'),
(222, '2021-01-20', 134, 1, 9, 45, '2021-01-20 15:47:12', '2021-01-20 15:47:12'),
(223, '2021-01-20', 106, 1, 10, 45, '2021-01-20 15:47:12', '2021-01-20 15:47:12'),
(224, '2021-01-20', 136, 1, 5, 45, '2021-01-20 15:47:12', '2021-01-20 15:47:12'),
(225, '2021-01-20', 123, 1, 1, 45, '2021-01-20 15:47:12', '2021-01-20 15:47:12'),
(226, '2021-01-20', 88, 1, 8, 46, '2021-01-20 15:47:12', '2021-01-20 15:47:12'),
(227, '2021-01-20', 82, 1, 12, 46, '2021-01-20 15:47:12', '2021-01-20 15:47:12'),
(228, '2021-01-20', 142, 1, 9, 46, '2021-01-20 15:47:12', '2021-01-20 15:47:12'),
(229, '2021-01-20', 90, 1, 8, 46, '2021-01-20 15:47:12', '2021-01-20 15:47:12'),
(230, '2021-01-20', 109, 1, 2, 46, '2021-01-20 15:47:12', '2021-01-20 15:47:12'),
(231, '2021-01-20', 142, 1, 2, 47, '2021-01-20 15:47:12', '2021-01-20 15:47:12'),
(232, '2021-01-20', 113, 1, 16, 47, '2021-01-20 15:47:12', '2021-01-20 15:47:12'),
(233, '2021-01-20', 95, 1, 3, 47, '2021-01-20 15:47:12', '2021-01-20 15:47:12'),
(234, '2021-01-20', 87, 1, 4, 47, '2021-01-20 15:47:12', '2021-01-20 15:47:12'),
(235, '2021-01-20', 136, 1, 4, 47, '2021-01-20 15:47:12', '2021-01-20 15:47:12'),
(236, '2021-01-20', 125, 1, 11, 48, '2021-01-20 15:47:12', '2021-01-20 15:47:12'),
(237, '2021-01-20', 102, 1, 7, 48, '2021-01-20 15:47:12', '2021-01-20 15:47:12'),
(238, '2021-01-20', 99, 1, 12, 48, '2021-01-20 15:47:12', '2021-01-20 15:47:12'),
(239, '2021-01-20', 125, 1, 9, 48, '2021-01-20 15:47:12', '2021-01-20 15:47:12'),
(240, '2021-01-20', 120, 1, 10, 48, '2021-01-20 15:47:12', '2021-01-20 15:47:12'),
(241, '2021-01-20', 90, 1, 16, 49, '2021-01-20 15:47:12', '2021-01-20 15:47:12'),
(242, '2021-01-20', 146, 1, 1, 49, '2021-01-20 15:47:12', '2021-01-20 15:47:12'),
(243, '2021-01-20', 130, 1, 6, 49, '2021-01-20 15:47:12', '2021-01-20 15:47:12'),
(244, '2021-01-20', 133, 1, 13, 49, '2021-01-20 15:47:12', '2021-01-20 15:47:12'),
(245, '2021-01-20', 137, 1, 14, 49, '2021-01-20 15:47:12', '2021-01-20 15:47:12'),
(246, '2021-01-20', 91, 1, 2, 50, '2021-01-20 15:47:12', '2021-01-20 15:47:12'),
(247, '2021-01-20', 132, 1, 15, 50, '2021-01-20 15:47:12', '2021-01-20 15:47:12'),
(248, '2021-01-20', 80, 1, 14, 50, '2021-01-20 15:47:12', '2021-01-20 15:47:12'),
(249, '2021-01-20', 123, 1, 9, 50, '2021-01-20 15:47:12', '2021-01-20 15:47:12'),
(250, '2021-01-20', 115, 1, 2, 50, '2021-01-20 15:47:12', '2021-01-20 15:47:12');

-- --------------------------------------------------------

--
-- Table structure for table `fuels`
--

CREATE TABLE `fuels` (
  `id` int(11) NOT NULL,
  `nama` varchar(45) NOT NULL,
  `tanggal_beli` date NOT NULL,
  `qty` int(11) NOT NULL,
  `harga` int(11) NOT NULL,
  `status` enum('tersedia','habis') NOT NULL DEFAULT 'tersedia',
  `created_at` timestamp NULL DEFAULT NULL,
  `updated_at` timestamp NULL DEFAULT NULL
) ENGINE=InnoDB DEFAULT CHARSET=utf8;

--
-- Dumping data for table `fuels`
--

INSERT INTO `fuels` (`id`, `nama`, `tanggal_beli`, `qty`, `harga`, `status`, `created_at`, `updated_at`) VALUES
(1, 'solar', '2021-01-20', 45, 10000, 'tersedia', '2021-01-20 15:47:08', '2021-01-20 15:47:08'),
(2, 'solar', '2021-01-20', 45, 10000, 'tersedia', '2021-01-20 15:47:08', '2021-01-20 15:47:08'),
(3, 'solar', '2021-01-20', 45, 10000, 'tersedia', '2021-01-20 15:47:08', '2021-01-20 15:47:08'),
(4, 'solar', '2021-01-20', 45, 10000, 'tersedia', '2021-01-20 15:47:08', '2021-01-20 15:47:08'),
(5, 'solar', '2021-01-20', 45, 10000, 'tersedia', '2021-01-20 15:47:08', '2021-01-20 15:47:08'),
(6, 'solar', '2021-01-20', 45, 10000, 'tersedia', '2021-01-20 15:47:08', '2021-01-20 15:47:08'),
(7, 'solar', '2021-01-20', 45, 10000, 'tersedia', '2021-01-20 15:47:08', '2021-01-20 15:47:08'),
(8, 'solar', '2021-01-20', 45, 10000, 'tersedia', '2021-01-20 15:47:08', '2021-01-20 15:47:08'),
(9, 'solar', '2021-01-20', 45, 10000, 'tersedia', '2021-01-20 15:47:08', '2021-01-20 15:47:08'),
(10, 'solar', '2021-01-20', 45, 10000, 'tersedia', '2021-01-20 15:47:08', '2021-01-20 15:47:08');

-- --------------------------------------------------------

--
-- Table structure for table `loadings`
--

CREATE TABLE `loadings` (
  `id` int(11) NOT NULL,
  `waktu_mulai` datetime NOT NULL,
  `waktu_selesai` datetime NOT NULL,
  `status` enum('dimuat','dikirim','dibongkar') NOT NULL,
  `jenis_pengangkut` enum('kontainer','truk') NOT NULL,
  `no_pengangkut` varchar(45) NOT NULL,
  `merk_pengangkut` varchar(45) NOT NULL,
  `no_segel` varchar(45) DEFAULT NULL,
  `nama_sopir` varchar(45) DEFAULT NULL,
  `telepon` varchar(15) DEFAULT NULL,
  `request_id` int(11) NOT NULL,
  `created_at` timestamp NULL DEFAULT NULL,
  `updated_at` timestamp NULL DEFAULT NULL
) ENGINE=InnoDB DEFAULT CHARSET=utf8;

--
-- Dumping data for table `loadings`
--

INSERT INTO `loadings` (`id`, `waktu_mulai`, `waktu_selesai`, `status`, `jenis_pengangkut`, `no_pengangkut`, `merk_pengangkut`, `no_segel`, `nama_sopir`, `telepon`, `request_id`, `created_at`, `updated_at`) VALUES
(1, '2021-01-20 22:47:12', '2021-01-20 22:47:12', 'dimuat', 'truk', 'ZD 0 A', 'ZDA0', NULL, 'ZDA0', '000000', 15, '2021-01-20 15:47:12', '2021-01-20 15:47:12'),
(2, '2021-01-20 22:47:12', '2021-01-20 22:47:12', 'dimuat', 'truk', 'ZD 1 A', 'ZDA1', NULL, 'ZDA1', '111111', 16, '2021-01-20 15:47:12', '2021-01-20 15:47:12'),
(3, '2021-01-20 22:47:12', '2021-01-20 22:47:12', 'dimuat', 'truk', 'ZD 2 A', 'ZDA2', NULL, 'ZDA2', '222222', 17, '2021-01-20 15:47:12', '2021-01-20 15:47:12'),
(4, '2021-01-20 22:47:12', '2021-01-20 22:47:12', 'dimuat', 'truk', 'ZD 3 A', 'ZDA3', NULL, 'ZDA3', '333333', 18, '2021-01-20 15:47:12', '2021-01-20 15:47:12'),
(5, '2021-01-20 22:47:12', '2021-01-20 22:47:12', 'dimuat', 'truk', 'ZD 4 A', 'ZDA4', NULL, 'ZDA4', '444444', 19, '2021-01-20 15:47:12', '2021-01-20 15:47:12'),
(6, '2021-01-20 22:47:12', '2021-01-20 22:47:12', 'dikirim', 'kontainer', 'ZD 5 A', 'ZDA5', 'ZDA5', NULL, NULL, 20, '2021-01-20 15:47:12', '2021-01-20 15:47:12'),
(7, '2021-01-20 22:47:12', '2021-01-20 22:47:12', 'dikirim', 'kontainer', 'ZD 6 A', 'ZDA6', 'ZDA6', NULL, NULL, 21, '2021-01-20 15:47:12', '2021-01-20 15:47:12'),
(8, '2021-01-20 22:47:12', '2021-01-20 22:47:12', 'dikirim', 'kontainer', 'ZD 7 A', 'ZDA7', 'ZDA7', NULL, NULL, 22, '2021-01-20 15:47:12', '2021-01-20 15:47:12'),
(9, '2021-01-20 22:47:13', '2021-01-20 22:47:13', 'dibongkar', 'kontainer', 'ZD 8 A', 'ZDA8', 'ZDA8', NULL, NULL, 23, '2021-01-20 15:47:13', '2021-01-20 15:47:13'),
(10, '2021-01-20 22:47:13', '2021-01-20 22:47:13', 'dibongkar', 'kontainer', 'ZD 9 A', 'ZDA9', 'ZDA9', NULL, NULL, 24, '2021-01-20 15:47:13', '2021-01-20 15:47:13');

-- --------------------------------------------------------

--
-- Table structure for table `menus`
--

CREATE TABLE `menus` (
  `id` int(11) NOT NULL,
  `nama` varchar(45) NOT NULL,
  `ikon` varchar(45) NOT NULL,
  `no_urut` int(2) NOT NULL,
  `url` varchar(45) NOT NULL,
  `created_at` timestamp NULL DEFAULT NULL,
  `updated_at` timestamp NULL DEFAULT NULL
) ENGINE=InnoDB DEFAULT CHARSET=utf8;

--
-- Dumping data for table `menus`
--

INSERT INTO `menus` (`id`, `nama`, `ikon`, `no_urut`, `url`, `created_at`, `updated_at`) VALUES
(1, 'manajemen hak akses', 'fas fa-user-lock', 1, '#', '2021-01-20 15:47:07', '2021-01-20 15:47:07'),
(2, 'manajemen pengambilan barang', 'fa fa-truck', 2, 'permintaan/pengambilan', '2021-01-20 15:47:07', '2021-01-20 15:47:07'),
(3, 'manajemen penjadwalan', 'fa fa-calendar', 3, 'schedule', '2021-01-20 15:47:07', '2021-01-20 15:47:07'),
(4, 'manajemen pembayaran', 'fa fa-money', 4, 'payment', '2021-01-20 15:47:07', '2021-01-20 15:47:07'),
(5, 'manajemen order barang', 'fa fa-inbox', 5, 'permintaan/pembelian', '2021-01-20 15:47:07', '2021-01-20 15:47:07'),
(6, 'perencanaan keuangan', 'fa fa-line-chart', 6, '#', '2021-01-20 15:47:07', '2021-01-20 15:47:07'),
(7, 'manajemen barang', 'fa fa-briefcase', 7, 'barang', '2021-01-20 15:47:07', '2021-01-20 15:47:07'),
(8, 'manajemen bbm', 'fas fa-gas-pump', 8, 'fuel', '2021-01-20 15:47:07', '2021-01-20 15:47:07'),
(9, 'manajemen packing', 'fas fa-box', 9, 'packing', '2021-01-20 15:47:07', '2021-01-20 15:47:07'),
(10, 'manajemen final product', 'fa fa-boxes', 10, 'fproduct', '2021-01-20 15:47:07', '2021-01-20 15:47:07'),
(11, 'manajemen muatan', 'fa fa-truck-loading', 11, 'loading', '2021-01-20 15:47:07', '2021-01-20 15:47:07'),
(12, 'manajemen pengiriman', 'fas fa-truck-moving', 12, 'delivery', '2021-01-20 15:47:07', '2021-01-20 15:47:07'),
(13, 'manajemen pengguna', 'fa fa-user', 13, 'pengguna', '2021-01-20 15:47:07', '2021-01-20 15:47:07');

-- --------------------------------------------------------

--
-- Table structure for table `menu_privilege`
--

CREATE TABLE `menu_privilege` (
  `menu_id` int(11) NOT NULL,
  `privilege_id` int(11) NOT NULL,
  `create` tinyint(4) NOT NULL DEFAULT 0,
  `read` tinyint(4) NOT NULL DEFAULT 0,
  `update` tinyint(4) NOT NULL DEFAULT 0,
  `delete` tinyint(4) NOT NULL DEFAULT 0,
  `created_at` timestamp NULL DEFAULT NULL,
  `updated_at` timestamp NULL DEFAULT NULL
) ENGINE=InnoDB DEFAULT CHARSET=utf8;

--
-- Dumping data for table `menu_privilege`
--

INSERT INTO `menu_privilege` (`menu_id`, `privilege_id`, `create`, `read`, `update`, `delete`, `created_at`, `updated_at`) VALUES
(1, 1, 1, 1, 1, 1, '2021-01-20 15:47:07', '2021-01-20 15:47:07'),
(1, 2, 0, 0, 0, 0, '2021-01-20 15:47:07', '2021-01-20 15:47:07'),
(1, 3, 0, 0, 0, 0, '2021-01-20 15:47:07', '2021-01-20 15:47:07'),
(2, 1, 1, 1, 1, 1, '2021-01-20 15:47:07', '2021-01-20 15:47:07'),
(2, 2, 1, 1, 1, 0, '2021-01-20 15:47:07', '2021-01-20 15:47:07'),
(2, 3, 0, 0, 0, 0, '2021-01-20 15:47:07', '2021-01-20 15:47:07'),
(3, 1, 1, 1, 1, 1, '2021-01-20 15:47:07', '2021-01-20 15:47:07'),
(3, 2, 1, 1, 1, 0, '2021-01-20 15:47:07', '2021-01-20 15:47:07'),
(3, 3, 0, 0, 0, 0, '2021-01-20 15:47:07', '2021-01-20 15:47:07'),
(4, 1, 1, 1, 1, 1, '2021-01-20 15:47:07', '2021-01-20 15:47:07'),
(4, 2, 0, 0, 0, 0, '2021-01-20 15:47:07', '2021-01-20 15:47:07'),
(4, 3, 0, 0, 0, 0, '2021-01-20 15:47:07', '2021-01-20 15:47:07'),
(5, 1, 1, 1, 1, 1, '2021-01-20 15:47:07', '2021-01-20 15:47:07'),
(5, 2, 0, 0, 0, 0, '2021-01-20 15:47:07', '2021-01-20 15:47:07'),
(5, 3, 1, 1, 1, 0, '2021-01-20 15:47:07', '2021-01-20 15:47:07'),
(6, 1, 1, 1, 1, 1, '2021-01-20 15:47:07', '2021-01-20 15:47:07'),
(6, 2, 0, 0, 0, 0, '2021-01-20 15:47:07', '2021-01-20 15:47:07'),
(6, 3, 0, 0, 0, 0, '2021-01-20 15:47:07', '2021-01-20 15:47:07'),
(7, 1, 1, 1, 1, 1, '2021-01-20 15:47:07', '2021-01-20 15:47:07'),
(7, 2, 0, 1, 0, 0, '2021-01-20 15:47:07', '2021-01-20 15:47:07'),
(7, 3, 0, 1, 0, 0, '2021-01-20 15:47:07', '2021-01-20 15:47:07'),
(8, 1, 1, 1, 1, 1, '2021-01-20 15:47:07', '2021-01-20 15:47:07'),
(8, 2, 0, 0, 0, 0, '2021-01-20 15:47:07', '2021-01-20 15:47:07'),
(8, 3, 0, 0, 0, 0, '2021-01-20 15:47:07', '2021-01-20 15:47:07'),
(9, 1, 1, 1, 1, 1, '2021-01-20 15:47:07', '2021-01-20 15:47:07'),
(9, 2, 0, 0, 0, 0, '2021-01-20 15:47:07', '2021-01-20 15:47:07'),
(9, 3, 0, 0, 0, 0, '2021-01-20 15:47:07', '2021-01-20 15:47:07'),
(10, 1, 1, 1, 1, 1, '2021-01-20 15:47:07', '2021-01-20 15:47:07'),
(10, 2, 0, 0, 0, 0, '2021-01-20 15:47:07', '2021-01-20 15:47:07'),
(10, 3, 0, 0, 0, 0, '2021-01-20 15:47:07', '2021-01-20 15:47:07'),
(11, 1, 1, 1, 1, 1, '2021-01-20 15:47:07', '2021-01-20 15:47:07'),
(11, 2, 0, 0, 0, 0, '2021-01-20 15:47:07', '2021-01-20 15:47:07'),
(11, 3, 0, 0, 0, 0, '2021-01-20 15:47:07', '2021-01-20 15:47:07'),
(12, 1, 1, 1, 1, 1, '2021-01-20 15:47:07', '2021-01-20 15:47:07'),
(12, 2, 0, 0, 0, 0, '2021-01-20 15:47:07', '2021-01-20 15:47:07'),
(12, 3, 0, 0, 0, 0, '2021-01-20 15:47:07', '2021-01-20 15:47:07'),
(13, 1, 1, 1, 1, 1, '2021-01-20 15:47:07', '2021-01-20 15:47:07'),
(13, 2, 0, 0, 0, 0, '2021-01-20 15:47:07', '2021-01-20 15:47:07'),
(13, 3, 0, 0, 0, 0, '2021-01-20 15:47:08', '2021-01-20 15:47:08');

-- --------------------------------------------------------

--
-- Table structure for table `packings`
--

CREATE TABLE `packings` (
  `id` int(11) NOT NULL,
  `waktu_mulai` datetime NOT NULL,
  `waktu_selesai` datetime NOT NULL,
  `fuel_id` int(11) DEFAULT NULL,
  `created_at` timestamp NULL DEFAULT NULL,
  `updated_at` timestamp NULL DEFAULT NULL
) ENGINE=InnoDB DEFAULT CHARSET=utf8;

--
-- Dumping data for table `packings`
--

INSERT INTO `packings` (`id`, `waktu_mulai`, `waktu_selesai`, `fuel_id`, `created_at`, `updated_at`) VALUES
(1, '2021-01-20 22:47:11', '2021-01-20 22:47:11', NULL, '2021-01-20 15:47:11', '2021-01-20 15:47:11'),
(2, '2021-01-20 22:47:11', '2021-01-20 22:47:11', NULL, '2021-01-20 15:47:11', '2021-01-20 15:47:11'),
(3, '2021-01-20 22:47:11', '2021-01-20 22:47:11', 10, '2021-01-20 15:47:11', '2021-01-20 15:47:11'),
(4, '2021-01-20 22:47:11', '2021-01-20 22:47:11', 7, '2021-01-20 15:47:11', '2021-01-20 15:47:11'),
(5, '2021-01-20 22:47:11', '2021-01-20 22:47:11', NULL, '2021-01-20 15:47:11', '2021-01-20 15:47:11'),
(6, '2021-01-20 22:47:11', '2021-01-20 22:47:11', 7, '2021-01-20 15:47:11', '2021-01-20 15:47:11'),
(7, '2021-01-20 22:47:11', '2021-01-20 22:47:11', NULL, '2021-01-20 15:47:11', '2021-01-20 15:47:11'),
(8, '2021-01-20 22:47:11', '2021-01-20 22:47:11', 1, '2021-01-20 15:47:11', '2021-01-20 15:47:11'),
(9, '2021-01-20 22:47:11', '2021-01-20 22:47:11', NULL, '2021-01-20 15:47:11', '2021-01-20 15:47:11'),
(10, '2021-01-20 22:47:11', '2021-01-20 22:47:11', NULL, '2021-01-20 15:47:11', '2021-01-20 15:47:11'),
(11, '2021-01-20 22:47:11', '2021-01-20 22:47:11', NULL, '2021-01-20 15:47:11', '2021-01-20 15:47:11'),
(12, '2021-01-20 22:47:11', '2021-01-20 22:47:11', 2, '2021-01-20 15:47:11', '2021-01-20 15:47:11'),
(13, '2021-01-20 22:47:11', '2021-01-20 22:47:11', NULL, '2021-01-20 15:47:11', '2021-01-20 15:47:11'),
(14, '2021-01-20 22:47:11', '2021-01-20 22:47:11', 2, '2021-01-20 15:47:11', '2021-01-20 15:47:11'),
(15, '2021-01-20 22:47:11', '2021-01-20 22:47:11', NULL, '2021-01-20 15:47:11', '2021-01-20 15:47:11'),
(16, '2021-01-20 22:47:11', '2021-01-20 22:47:11', NULL, '2021-01-20 15:47:11', '2021-01-20 15:47:11'),
(17, '2021-01-20 22:47:11', '2021-01-20 22:47:11', NULL, '2021-01-20 15:47:11', '2021-01-20 15:47:11'),
(18, '2021-01-20 22:47:11', '2021-01-20 22:47:11', NULL, '2021-01-20 15:47:11', '2021-01-20 15:47:11'),
(19, '2021-01-20 22:47:11', '2021-01-20 22:47:11', NULL, '2021-01-20 15:47:11', '2021-01-20 15:47:11'),
(20, '2021-01-20 22:47:11', '2021-01-20 22:47:11', 5, '2021-01-20 15:47:11', '2021-01-20 15:47:11'),
(21, '2021-01-20 22:47:11', '2021-01-20 22:47:11', NULL, '2021-01-20 15:47:11', '2021-01-20 15:47:11'),
(22, '2021-01-20 22:47:11', '2021-01-20 22:47:11', NULL, '2021-01-20 15:47:11', '2021-01-20 15:47:11'),
(23, '2021-01-20 22:47:11', '2021-01-20 22:47:11', 7, '2021-01-20 15:47:11', '2021-01-20 15:47:11'),
(24, '2021-01-20 22:47:11', '2021-01-20 22:47:11', NULL, '2021-01-20 15:47:11', '2021-01-20 15:47:11'),
(25, '2021-01-20 22:47:11', '2021-01-20 22:47:11', NULL, '2021-01-20 15:47:11', '2021-01-20 15:47:11'),
(26, '2021-01-20 22:47:11', '2021-01-20 22:47:11', NULL, '2021-01-20 15:47:11', '2021-01-20 15:47:11'),
(27, '2021-01-20 22:47:11', '2021-01-20 22:47:11', NULL, '2021-01-20 15:47:11', '2021-01-20 15:47:11'),
(28, '2021-01-20 22:47:11', '2021-01-20 22:47:11', NULL, '2021-01-20 15:47:11', '2021-01-20 15:47:11'),
(29, '2021-01-20 22:47:11', '2021-01-20 22:47:11', NULL, '2021-01-20 15:47:11', '2021-01-20 15:47:11'),
(30, '2021-01-20 22:47:11', '2021-01-20 22:47:11', 5, '2021-01-20 15:47:11', '2021-01-20 15:47:11'),
(31, '2021-01-20 22:47:11', '2021-01-20 22:47:11', 1, '2021-01-20 15:47:11', '2021-01-20 15:47:11'),
(32, '2021-01-20 22:47:11', '2021-01-20 22:47:11', 4, '2021-01-20 15:47:11', '2021-01-20 15:47:11'),
(33, '2021-01-20 22:47:11', '2021-01-20 22:47:11', NULL, '2021-01-20 15:47:11', '2021-01-20 15:47:11'),
(34, '2021-01-20 22:47:11', '2021-01-20 22:47:11', 7, '2021-01-20 15:47:11', '2021-01-20 15:47:11'),
(35, '2021-01-20 22:47:11', '2021-01-20 22:47:11', NULL, '2021-01-20 15:47:11', '2021-01-20 15:47:11'),
(36, '2021-01-20 22:47:11', '2021-01-20 22:47:11', NULL, '2021-01-20 15:47:11', '2021-01-20 15:47:11'),
(37, '2021-01-20 22:47:11', '2021-01-20 22:47:11', NULL, '2021-01-20 15:47:11', '2021-01-20 15:47:11'),
(38, '2021-01-20 22:47:11', '2021-01-20 22:47:11', NULL, '2021-01-20 15:47:11', '2021-01-20 15:47:11'),
(39, '2021-01-20 22:47:11', '2021-01-20 22:47:11', NULL, '2021-01-20 15:47:11', '2021-01-20 15:47:11'),
(40, '2021-01-20 22:47:11', '2021-01-20 22:47:11', 6, '2021-01-20 15:47:11', '2021-01-20 15:47:11'),
(41, '2021-01-20 22:47:11', '2021-01-20 22:47:11', NULL, '2021-01-20 15:47:11', '2021-01-20 15:47:11'),
(42, '2021-01-20 22:47:11', '2021-01-20 22:47:11', 10, '2021-01-20 15:47:11', '2021-01-20 15:47:11'),
(43, '2021-01-20 22:47:11', '2021-01-20 22:47:11', NULL, '2021-01-20 15:47:11', '2021-01-20 15:47:11'),
(44, '2021-01-20 22:47:11', '2021-01-20 22:47:11', NULL, '2021-01-20 15:47:11', '2021-01-20 15:47:11'),
(45, '2021-01-20 22:47:11', '2021-01-20 22:47:11', 6, '2021-01-20 15:47:11', '2021-01-20 15:47:11'),
(46, '2021-01-20 22:47:11', '2021-01-20 22:47:11', 6, '2021-01-20 15:47:11', '2021-01-20 15:47:11'),
(47, '2021-01-20 22:47:11', '2021-01-20 22:47:11', 7, '2021-01-20 15:47:11', '2021-01-20 15:47:11'),
(48, '2021-01-20 22:47:11', '2021-01-20 22:47:11', NULL, '2021-01-20 15:47:11', '2021-01-20 15:47:11'),
(49, '2021-01-20 22:47:11', '2021-01-20 22:47:11', 1, '2021-01-20 15:47:11', '2021-01-20 15:47:11'),
(50, '2021-01-20 22:47:11', '2021-01-20 22:47:11', NULL, '2021-01-20 15:47:11', '2021-01-20 15:47:11');

-- --------------------------------------------------------

--
-- Table structure for table `payments`
--

CREATE TABLE `payments` (
  `id` int(11) NOT NULL,
  `termin` int(2) NOT NULL,
  `total_pembayaran` int(11) NOT NULL,
  `status_pembayaran` enum('belum lunas','lunas','batal') NOT NULL,
  `request_id` int(11) NOT NULL,
  `created_at` timestamp NULL DEFAULT NULL,
  `updated_at` timestamp NULL DEFAULT NULL
) ENGINE=InnoDB DEFAULT CHARSET=utf8;

--
-- Dumping data for table `payments`
--

INSERT INTO `payments` (`id`, `termin`, `total_pembayaran`, `status_pembayaran`, `request_id`, `created_at`, `updated_at`) VALUES
(1, 1, 7980000, 'lunas', 1, '2019-12-31 17:00:00', '2019-12-31 17:00:00'),
(2, 1, 5585000, 'lunas', 1, '2020-01-01 17:00:00', '2020-01-01 17:00:00'),
(3, 1, 3109200, 'lunas', 1, '2020-01-02 17:00:00', '2020-01-02 17:00:00'),
(4, 1, 1930400, 'lunas', 1, '2020-01-04 17:00:00', '2020-01-04 17:00:00'),
(5, 1, 2060900, 'lunas', 1, '2020-01-05 17:00:00', '2020-01-05 17:00:00'),
(6, 1, 1961000, 'lunas', 1, '2020-01-06 17:00:00', '2020-01-06 17:00:00'),
(7, 1, 2359500, 'lunas', 1, '2020-01-07 17:00:00', '2020-01-07 17:00:00'),
(8, 1, 3253400, 'lunas', 1, '2020-01-08 17:00:00', '2020-01-08 17:00:00'),
(9, 1, 2835000, 'lunas', 1, '2020-01-10 17:00:00', '2020-01-10 17:00:00'),
(10, 1, 1834500, 'lunas', 1, '2020-01-11 17:00:00', '2020-01-11 17:00:00'),
(11, 1, 1729300, 'lunas', 1, '2020-01-13 17:00:00', '2020-01-13 17:00:00'),
(12, 1, 2844400, 'lunas', 1, '2020-01-14 17:00:00', '2020-01-14 17:00:00'),
(13, 1, 4838900, 'lunas', 1, '2020-01-16 17:00:00', '2020-01-16 17:00:00'),
(14, 1, 3722500, 'lunas', 1, '2020-01-19 17:00:00', '2020-01-19 17:00:00'),
(15, 1, 3493900, 'lunas', 1, '2020-01-20 17:00:00', '2020-01-20 17:00:00'),
(16, 1, 1768800, 'lunas', 1, '2020-01-22 17:00:00', '2020-01-22 17:00:00'),
(17, 1, 1134500, 'lunas', 1, '2020-01-23 17:00:00', '2020-01-23 17:00:00'),
(18, 1, 2261900, 'lunas', 1, '2020-01-24 17:00:00', '2020-01-24 17:00:00'),
(19, 1, 1612300, 'lunas', 1, '2020-01-26 17:00:00', '2020-01-26 17:00:00'),
(20, 1, 2348500, 'lunas', 1, '2020-01-27 17:00:00', '2020-01-27 17:00:00'),
(21, 1, 945800, 'lunas', 1, '2020-01-29 17:00:00', '2020-01-29 17:00:00'),
(22, 1, 931400, 'lunas', 1, '2020-01-30 17:00:00', '2020-01-30 17:00:00'),
(23, 1, 2555400, 'lunas', 1, '2020-02-01 17:00:00', '2020-02-01 17:00:00'),
(24, 1, 2635900, 'lunas', 1, '2020-02-02 17:00:00', '2020-02-02 17:00:00'),
(25, 1, 2374500, 'lunas', 1, '2020-02-04 17:00:00', '2020-02-04 17:00:00'),
(26, 1, 1957100, 'lunas', 1, '2020-02-05 17:00:00', '2020-02-05 17:00:00'),
(27, 1, 2438400, 'lunas', 1, '2020-02-07 17:00:00', '2020-02-07 17:00:00'),
(28, 1, 2342500, 'lunas', 1, '2020-02-09 17:00:00', '2020-02-09 17:00:00'),
(29, 1, 2822400, 'lunas', 1, '2020-02-10 17:00:00', '2020-02-10 17:00:00'),
(30, 1, 2348300, 'lunas', 1, '2020-02-11 17:00:00', '2020-02-11 17:00:00'),
(31, 1, 2317000, 'lunas', 1, '2020-02-13 17:00:00', '2020-02-13 17:00:00'),
(32, 1, 2421900, 'lunas', 1, '2020-02-14 17:00:00', '2020-02-14 17:00:00'),
(33, 1, 10781800, 'lunas', 1, '2020-02-16 17:00:00', '2020-02-16 17:00:00'),
(34, 1, 2569800, 'lunas', 1, '2020-02-17 17:00:00', '2020-02-17 17:00:00'),
(35, 1, 2938450, 'lunas', 1, '2020-02-18 17:00:00', '2020-02-18 17:00:00'),
(36, 1, 3021800, 'lunas', 1, '2020-02-20 17:00:00', '2020-02-20 17:00:00'),
(37, 1, 2128750, 'lunas', 1, '2020-02-21 17:00:00', '2020-02-21 17:00:00'),
(38, 1, 2312600, 'lunas', 1, '2020-02-22 17:00:00', '2020-02-22 17:00:00'),
(39, 1, 5152800, 'lunas', 1, '2020-02-24 17:00:00', '2020-02-24 17:00:00'),
(40, 1, 2596500, 'lunas', 1, '2020-02-26 17:00:00', '2020-02-26 17:00:00'),
(41, 1, 2532400, 'lunas', 1, '2020-02-27 17:00:00', '2020-02-27 17:00:00'),
(42, 1, 3748500, 'lunas', 1, '2020-02-29 17:00:00', '2020-02-29 17:00:00'),
(43, 1, 3378600, 'lunas', 1, '2020-03-02 17:00:00', '2020-03-02 17:00:00'),
(44, 1, 3080200, 'lunas', 1, '2020-03-03 17:00:00', '2020-03-03 17:00:00'),
(45, 1, 2485800, 'lunas', 1, '2020-03-04 17:00:00', '2020-03-04 17:00:00'),
(46, 1, 3018200, 'lunas', 1, '2020-03-05 17:00:00', '2020-03-05 17:00:00'),
(47, 1, 1987400, 'lunas', 1, '2020-03-07 17:00:00', '2020-03-07 17:00:00'),
(48, 1, 2709800, 'lunas', 1, '2020-03-08 17:00:00', '2020-03-08 17:00:00'),
(49, 1, 2310500, 'lunas', 1, '2020-03-09 17:00:00', '2020-03-09 17:00:00'),
(50, 1, 3273300, 'lunas', 1, '2020-03-10 17:00:00', '2020-03-10 17:00:00'),
(51, 1, 3053500, 'lunas', 1, '2020-03-12 17:00:00', '2020-03-12 17:00:00'),
(52, 1, 2729500, 'lunas', 1, '2020-03-13 17:00:00', '2020-03-13 17:00:00'),
(53, 1, 1972200, 'lunas', 1, '2020-03-14 17:00:00', '2020-03-14 17:00:00'),
(54, 1, 3006500, 'lunas', 1, '2020-03-16 17:00:00', '2020-03-16 17:00:00'),
(55, 1, 5367100, 'lunas', 1, '2020-03-17 17:00:00', '2020-03-17 17:00:00'),
(56, 1, 4523200, 'lunas', 1, '2020-03-18 17:00:00', '2020-03-18 17:00:00'),
(57, 1, 3310100, 'lunas', 1, '2020-03-19 17:00:00', '2020-03-19 17:00:00'),
(58, 1, 9162700, 'lunas', 1, '2020-03-21 17:00:00', '2020-03-21 17:00:00'),
(59, 1, 3210300, 'lunas', 1, '2020-03-22 17:00:00', '2020-03-22 17:00:00'),
(60, 1, 4459900, 'lunas', 1, '2020-03-23 17:00:00', '2020-03-23 17:00:00'),
(61, 1, 3403300, 'lunas', 1, '2020-03-25 17:00:00', '2020-03-25 17:00:00'),
(62, 1, 5130600, 'lunas', 1, '2020-03-26 17:00:00', '2020-03-26 17:00:00'),
(63, 1, 4185500, 'lunas', 1, '2020-03-28 17:00:00', '2020-03-28 17:00:00'),
(64, 1, 4937400, 'lunas', 1, '2020-03-29 17:00:00', '2020-03-29 17:00:00'),
(65, 1, 4757900, 'lunas', 1, '2020-03-31 17:00:00', '2020-03-31 17:00:00'),
(66, 1, 3988700, 'lunas', 1, '2020-04-01 17:00:00', '2020-04-01 17:00:00'),
(67, 1, 4379000, 'lunas', 1, '2020-04-02 17:00:00', '2020-04-02 17:00:00'),
(68, 1, 3662100, 'lunas', 1, '2020-04-03 17:00:00', '2020-04-03 17:00:00'),
(69, 1, 12194800, 'lunas', 1, '2020-04-05 17:00:00', '2020-04-05 17:00:00'),
(70, 1, 5263500, 'lunas', 1, '2020-04-06 17:00:00', '2020-04-06 17:00:00'),
(71, 1, 13922600, 'lunas', 1, '2020-04-07 17:00:00', '2020-04-07 17:00:00'),
(72, 1, 4216700, 'lunas', 1, '2020-04-08 17:00:00', '2020-04-08 17:00:00'),
(73, 1, 5227600, 'lunas', 1, '2020-04-09 17:00:00', '2020-04-09 17:00:00'),
(74, 1, 4548000, 'lunas', 1, '2020-04-10 17:00:00', '2020-04-10 17:00:00'),
(75, 1, 4770500, 'lunas', 1, '2020-04-12 17:00:00', '2020-04-12 17:00:00'),
(76, 1, 3915500, 'lunas', 1, '2020-04-13 17:00:00', '2020-04-13 17:00:00'),
(77, 1, 4457200, 'lunas', 1, '2020-04-14 17:00:00', '2020-04-14 17:00:00'),
(78, 1, 3499700, 'lunas', 1, '2020-04-15 17:00:00', '2020-04-15 17:00:00'),
(79, 1, 4007050, 'lunas', 1, '2020-04-16 17:00:00', '2020-04-16 17:00:00'),
(80, 1, 3597500, 'lunas', 1, '2020-04-18 17:00:00', '2020-04-18 17:00:00'),
(81, 1, 3200500, 'lunas', 1, '2020-04-19 17:00:00', '2020-04-19 17:00:00'),
(82, 1, 3768800, 'lunas', 1, '2020-04-20 17:00:00', '2020-04-20 17:00:00'),
(83, 1, 1973700, 'lunas', 1, '2020-04-21 17:00:00', '2020-04-21 17:00:00'),
(84, 1, 3932000, 'lunas', 1, '2020-04-22 17:00:00', '2020-04-22 17:00:00'),
(85, 1, 3826750, 'lunas', 1, '2020-04-24 17:00:00', '2020-04-24 17:00:00'),
(86, 1, 4936200, 'lunas', 1, '2020-04-25 17:00:00', '2020-04-25 17:00:00'),
(87, 1, 4318800, 'lunas', 1, '2020-04-26 17:00:00', '2020-04-26 17:00:00'),
(88, 1, 2887500, 'lunas', 1, '2020-04-27 17:00:00', '2020-04-27 17:00:00'),
(89, 1, 3543700, 'lunas', 1, '2020-04-28 17:00:00', '2020-04-28 17:00:00'),
(90, 1, 3836000, 'lunas', 1, '2020-04-29 17:00:00', '2020-04-29 17:00:00'),
(91, 1, 3318500, 'lunas', 1, '2020-04-30 17:00:00', '2020-04-30 17:00:00'),
(92, 1, 3794500, 'lunas', 1, '2020-05-01 17:00:00', '2020-05-01 17:00:00'),
(93, 1, 3853600, 'lunas', 1, '2020-05-02 17:00:00', '2020-05-02 17:00:00'),
(94, 1, 3887500, 'lunas', 1, '2020-05-03 17:00:00', '2020-05-03 17:00:00'),
(95, 1, 4699700, 'lunas', 1, '2020-05-04 17:00:00', '2020-05-04 17:00:00'),
(96, 1, 4318800, 'lunas', 1, '2020-05-05 17:00:00', '2020-05-05 17:00:00'),
(97, 1, 4435000, 'lunas', 1, '2020-05-07 17:00:00', '2020-05-07 17:00:00'),
(98, 1, 3048000, 'lunas', 1, '2020-05-08 17:00:00', '2020-05-08 17:00:00'),
(99, 1, 8341800, 'lunas', 1, '2020-05-09 17:00:00', '2020-05-09 17:00:00'),
(100, 1, 2876000, 'lunas', 1, '2020-05-11 17:00:00', '2020-05-11 17:00:00'),
(101, 1, 3450300, 'lunas', 1, '2020-05-12 17:00:00', '2020-05-12 17:00:00'),
(102, 1, 3416100, 'lunas', 1, '2020-05-13 17:00:00', '2020-05-13 17:00:00'),
(103, 1, 3648100, 'lunas', 1, '2020-05-14 17:00:00', '2020-05-14 17:00:00'),
(104, 1, 3755200, 'lunas', 1, '2020-05-16 17:00:00', '2020-05-16 17:00:00'),
(105, 1, 4711000, 'lunas', 1, '2020-05-17 17:00:00', '2020-05-17 17:00:00'),
(106, 1, 3865600, 'lunas', 1, '2020-05-18 17:00:00', '2020-05-18 17:00:00'),
(107, 1, 4138500, 'lunas', 1, '2020-05-19 17:00:00', '2020-05-19 17:00:00'),
(108, 1, 3671400, 'lunas', 1, '2020-05-21 17:00:00', '2020-05-21 17:00:00'),
(109, 1, 6688500, 'lunas', 1, '2020-05-22 17:00:00', '2020-05-22 17:00:00'),
(110, 1, 4598000, 'lunas', 1, '2020-05-23 17:00:00', '2020-05-23 17:00:00'),
(111, 1, 3517300, 'lunas', 1, '2020-05-24 17:00:00', '2020-05-24 17:00:00'),
(112, 1, 3581800, 'lunas', 1, '2020-05-26 17:00:00', '2020-05-26 17:00:00'),
(113, 1, 3511500, 'lunas', 1, '2020-05-27 17:00:00', '2020-05-27 17:00:00'),
(114, 1, 4917300, 'lunas', 1, '2020-05-28 17:00:00', '2020-05-28 17:00:00'),
(115, 1, 3802500, 'lunas', 1, '2020-05-29 17:00:00', '2020-05-29 17:00:00'),
(116, 1, 12715200, 'lunas', 1, '2020-05-31 17:00:00', '2020-05-31 17:00:00'),
(117, 1, 3321700, 'lunas', 1, '2020-06-01 17:00:00', '2020-06-01 17:00:00'),
(118, 1, 4868800, 'lunas', 1, '2020-06-02 17:00:00', '2020-06-02 17:00:00'),
(119, 1, 3485100, 'lunas', 1, '2020-06-03 17:00:00', '2020-06-03 17:00:00'),
(120, 1, 4062800, 'lunas', 1, '2020-06-06 17:00:00', '2020-06-06 17:00:00'),
(121, 1, 3505600, 'lunas', 1, '2020-06-07 17:00:00', '2020-06-07 17:00:00'),
(122, 1, 3971300, 'lunas', 1, '2020-06-08 17:00:00', '2020-06-08 17:00:00'),
(123, 1, 3431000, 'lunas', 1, '2020-06-09 17:00:00', '2020-06-09 17:00:00'),
(124, 1, 3423400, 'lunas', 1, '2020-06-10 17:00:00', '2020-06-10 17:00:00'),
(125, 1, 3369600, 'lunas', 1, '2020-06-12 17:00:00', '2020-06-12 17:00:00'),
(126, 1, 5460900, 'lunas', 1, '2020-06-13 17:00:00', '2020-06-13 17:00:00'),
(127, 1, 4657000, 'lunas', 1, '2020-06-14 17:00:00', '2020-06-14 17:00:00'),
(128, 1, 4224300, 'lunas', 1, '2020-06-15 17:00:00', '2020-06-15 17:00:00'),
(129, 1, 4203500, 'lunas', 1, '2020-06-16 17:00:00', '2020-06-16 17:00:00'),
(130, 1, 6747500, 'lunas', 1, '2020-06-18 17:00:00', '2020-06-18 17:00:00'),
(131, 1, 4018700, 'lunas', 1, '2020-06-19 17:00:00', '2020-06-19 17:00:00'),
(132, 1, 3354900, 'lunas', 1, '2020-06-20 17:00:00', '2020-06-20 17:00:00'),
(133, 1, 4613100, 'lunas', 1, '2020-06-21 17:00:00', '2020-06-21 17:00:00'),
(134, 1, 5234500, 'lunas', 1, '2020-06-23 17:00:00', '2020-06-23 17:00:00'),
(135, 1, 3951500, 'lunas', 1, '2020-06-24 17:00:00', '2020-06-24 17:00:00'),
(136, 1, 3956000, 'lunas', 1, '2020-06-25 17:00:00', '2020-06-25 17:00:00'),
(137, 1, 5359100, 'lunas', 1, '2020-06-26 17:00:00', '2020-06-26 17:00:00'),
(138, 1, 4564900, 'lunas', 1, '2020-06-27 17:00:00', '2020-06-27 17:00:00'),
(139, 1, 3745300, 'lunas', 1, '2020-06-28 17:00:00', '2020-06-28 17:00:00'),
(140, 1, 4144400, 'lunas', 1, '2020-06-29 17:00:00', '2020-06-29 17:00:00'),
(141, 1, 6335900, 'lunas', 1, '2020-06-30 17:00:00', '2020-06-30 17:00:00'),
(142, 1, 5519100, 'lunas', 1, '2020-07-01 17:00:00', '2020-07-01 17:00:00'),
(143, 1, 4623900, 'lunas', 1, '2020-07-03 17:00:00', '2020-07-03 17:00:00'),
(144, 1, 5146500, 'lunas', 1, '2020-07-04 17:00:00', '2020-07-04 17:00:00'),
(145, 1, 5302700, 'lunas', 1, '2020-07-05 17:00:00', '2020-07-05 17:00:00'),
(146, 1, 4036100, 'lunas', 1, '2020-07-06 17:00:00', '2020-07-06 17:00:00'),
(147, 1, 5122900, 'lunas', 1, '2020-07-07 17:00:00', '2020-07-07 17:00:00'),
(148, 1, 4023500, 'lunas', 1, '2020-07-08 17:00:00', '2020-07-08 17:00:00'),
(149, 1, 4818600, 'lunas', 1, '2020-07-09 17:00:00', '2020-07-09 17:00:00'),
(150, 1, 4483800, 'lunas', 1, '2020-07-10 17:00:00', '2020-07-10 17:00:00'),
(151, 1, 5330400, 'lunas', 1, '2020-07-12 17:00:00', '2020-07-12 17:00:00'),
(152, 1, 3809800, 'lunas', 1, '2020-07-13 17:00:00', '2020-07-13 17:00:00'),
(153, 1, 3982400, 'lunas', 1, '2020-07-14 17:00:00', '2020-07-14 17:00:00'),
(154, 1, 25192800, 'lunas', 1, '2020-07-15 17:00:00', '2020-07-15 17:00:00'),
(155, 1, 6637700, 'lunas', 1, '2020-07-16 17:00:00', '2020-07-16 17:00:00'),
(156, 1, 6214100, 'lunas', 1, '2020-07-17 17:00:00', '2020-07-17 17:00:00'),
(157, 1, 5605600, 'lunas', 1, '2020-07-18 17:00:00', '2020-07-18 17:00:00'),
(158, 1, 4623000, 'lunas', 1, '2020-07-19 17:00:00', '2020-07-19 17:00:00'),
(159, 1, 5360800, 'lunas', 1, '2020-07-20 17:00:00', '2020-07-20 17:00:00'),
(160, 1, 5777900, 'lunas', 1, '2020-07-21 17:00:00', '2020-07-21 17:00:00'),
(161, 1, 5895400, 'lunas', 1, '2020-07-22 17:00:00', '2020-07-22 17:00:00'),
(162, 1, 5597500, 'lunas', 1, '2020-07-23 17:00:00', '2020-07-23 17:00:00'),
(163, 1, 4488000, 'lunas', 1, '2020-07-24 17:00:00', '2020-07-24 17:00:00'),
(164, 1, 5943000, 'lunas', 1, '2020-07-25 17:00:00', '2020-07-25 17:00:00'),
(165, 1, 6902600, 'lunas', 1, '2020-07-26 17:00:00', '2020-07-26 17:00:00'),
(166, 1, 24531100, 'lunas', 1, '2020-07-27 17:00:00', '2020-07-27 17:00:00'),
(167, 1, 6873300, 'lunas', 1, '2020-07-28 17:00:00', '2020-07-28 17:00:00'),
(168, 1, 25472000, 'lunas', 1, '2020-07-31 17:00:00', '2020-07-31 17:00:00'),
(169, 1, 5414400, 'lunas', 1, '2020-08-01 17:00:00', '2020-08-01 17:00:00'),
(170, 1, 5407500, 'lunas', 1, '2020-08-02 17:00:00', '2020-08-02 17:00:00'),
(171, 1, 4398900, 'lunas', 1, '2020-08-03 17:00:00', '2020-08-03 17:00:00'),
(172, 1, 5215000, 'lunas', 1, '2020-08-04 17:00:00', '2020-08-04 17:00:00'),
(173, 1, 6376800, 'lunas', 1, '2020-08-05 17:00:00', '2020-08-05 17:00:00'),
(174, 1, 5991100, 'lunas', 1, '2020-08-07 17:00:00', '2020-08-07 17:00:00'),
(175, 1, 5717400, 'lunas', 1, '2020-08-08 17:00:00', '2020-08-08 17:00:00'),
(176, 1, 5175800, 'lunas', 1, '2020-08-09 17:00:00', '2020-08-09 17:00:00'),
(177, 1, 14749700, 'lunas', 1, '2020-08-10 17:00:00', '2020-08-10 17:00:00'),
(178, 1, 26307300, 'lunas', 1, '2020-08-12 17:00:00', '2020-08-12 17:00:00'),
(179, 1, 6068100, 'lunas', 1, '2020-08-13 17:00:00', '2020-08-13 17:00:00'),
(180, 1, 7308800, 'lunas', 1, '2020-08-14 17:00:00', '2020-08-14 17:00:00'),
(181, 1, 8167400, 'lunas', 1, '2020-08-15 17:00:00', '2020-08-15 17:00:00'),
(182, 1, 6031000, 'lunas', 1, '2020-08-17 17:00:00', '2020-08-17 17:00:00'),
(183, 1, 7143300, 'lunas', 1, '2020-08-18 17:00:00', '2020-08-18 17:00:00'),
(184, 1, 5379300, 'lunas', 1, '2020-08-19 17:00:00', '2020-08-19 17:00:00'),
(185, 1, 5501100, 'lunas', 1, '2020-08-20 17:00:00', '2020-08-20 17:00:00'),
(186, 1, 5619400, 'lunas', 1, '2020-08-21 17:00:00', '2020-08-21 17:00:00'),
(187, 1, 7074300, 'lunas', 1, '2020-08-22 17:00:00', '2020-08-22 17:00:00'),
(188, 1, 7220000, 'lunas', 1, '2020-08-23 17:00:00', '2020-08-23 17:00:00'),
(189, 1, 7982400, 'lunas', 1, '2020-08-24 17:00:00', '2020-08-24 17:00:00'),
(190, 1, 6966400, 'lunas', 1, '2020-08-25 17:00:00', '2020-08-25 17:00:00'),
(191, 1, 5493600, 'lunas', 1, '2020-08-26 17:00:00', '2020-08-26 17:00:00'),
(192, 1, 7556200, 'lunas', 1, '2020-08-27 17:00:00', '2020-08-27 17:00:00'),
(193, 1, 5971300, 'lunas', 1, '2020-08-28 17:00:00', '2020-08-28 17:00:00'),
(194, 1, 5259500, 'lunas', 1, '2020-08-29 17:00:00', '2020-08-29 17:00:00'),
(195, 1, 5318500, 'lunas', 1, '2020-08-30 17:00:00', '2020-08-30 17:00:00'),
(196, 1, 6866300, 'lunas', 1, '2020-08-31 17:00:00', '2020-08-31 17:00:00'),
(197, 1, 5356700, 'lunas', 1, '2020-09-01 17:00:00', '2020-09-01 17:00:00'),
(198, 1, 7449200, 'lunas', 1, '2020-09-02 17:00:00', '2020-09-02 17:00:00'),
(199, 1, 4240600, 'lunas', 1, '2020-09-03 17:00:00', '2020-09-03 17:00:00'),
(200, 1, 5199400, 'lunas', 1, '2020-09-04 17:00:00', '2020-09-04 17:00:00'),
(201, 1, 5474100, 'lunas', 1, '2020-09-05 17:00:00', '2020-09-05 17:00:00'),
(202, 1, 5191800, 'lunas', 1, '2020-09-06 17:00:00', '2020-09-06 17:00:00'),
(203, 1, 5226000, 'lunas', 1, '2020-09-07 17:00:00', '2020-09-07 17:00:00'),
(204, 1, 6110800, 'lunas', 1, '2020-09-08 17:00:00', '2020-09-08 17:00:00'),
(205, 1, 5992600, 'lunas', 1, '2020-09-09 17:00:00', '2020-09-09 17:00:00'),
(206, 1, 6381500, 'lunas', 1, '2020-09-10 17:00:00', '2020-09-10 17:00:00'),
(207, 1, 6887800, 'lunas', 1, '2020-09-11 17:00:00', '2020-09-11 17:00:00'),
(208, 1, 6036400, 'lunas', 1, '2020-09-12 17:00:00', '2020-09-12 17:00:00'),
(209, 1, 5168300, 'lunas', 1, '2020-09-13 17:00:00', '2020-09-13 17:00:00'),
(210, 1, 6091400, 'lunas', 1, '2020-09-14 17:00:00', '2020-09-14 17:00:00'),
(211, 1, 5215400, 'lunas', 1, '2020-09-15 17:00:00', '2020-09-15 17:00:00'),
(212, 1, 5228600, 'lunas', 1, '2020-09-16 17:00:00', '2020-09-16 17:00:00'),
(213, 1, 5872700, 'lunas', 1, '2020-09-17 17:00:00', '2020-09-17 17:00:00'),
(214, 1, 6355400, 'lunas', 1, '2020-09-18 17:00:00', '2020-09-18 17:00:00'),
(215, 1, 7550700, 'lunas', 1, '2020-09-19 17:00:00', '2020-09-19 17:00:00'),
(216, 1, 6820600, 'lunas', 1, '2020-09-20 17:00:00', '2020-09-20 17:00:00'),
(217, 1, 5346400, 'lunas', 1, '2020-09-21 17:00:00', '2020-09-21 17:00:00'),
(218, 1, 5363400, 'lunas', 1, '2020-09-22 17:00:00', '2020-09-22 17:00:00'),
(219, 1, 7480400, 'lunas', 1, '2020-09-23 17:00:00', '2020-09-23 17:00:00'),
(220, 1, 7101200, 'lunas', 1, '2020-09-24 17:00:00', '2020-09-24 17:00:00'),
(221, 1, 6608444, 'lunas', 1, '2020-09-25 17:00:00', '2020-09-25 17:00:00'),
(222, 1, 4865800, 'lunas', 1, '2020-09-26 17:00:00', '2020-09-26 17:00:00'),
(223, 1, 6456100, 'lunas', 1, '2020-09-27 17:00:00', '2020-09-27 17:00:00'),
(224, 1, 8366400, 'lunas', 1, '2020-09-28 17:00:00', '2020-09-28 17:00:00'),
(225, 1, 3820200, 'lunas', 1, '2020-09-29 17:00:00', '2020-09-29 17:00:00'),
(226, 1, 6739500, 'lunas', 1, '2020-09-30 17:00:00', '2020-09-30 17:00:00'),
(227, 1, 8246300, 'lunas', 1, '2020-10-01 17:00:00', '2020-10-01 17:00:00'),
(228, 1, 6763000, 'lunas', 1, '2020-10-02 17:00:00', '2020-10-02 17:00:00'),
(229, 1, 5147700, 'lunas', 1, '2020-10-03 17:00:00', '2020-10-03 17:00:00'),
(230, 1, 7381400, 'lunas', 1, '2020-10-04 17:00:00', '2020-10-04 17:00:00'),
(231, 1, 6335285, 'lunas', 1, '2020-10-05 17:00:00', '2020-10-05 17:00:00'),
(232, 1, 7581400, 'lunas', 1, '2020-10-06 17:00:00', '2020-10-06 17:00:00'),
(233, 1, 5705100, 'lunas', 1, '2020-10-07 17:00:00', '2020-10-07 17:00:00'),
(234, 1, 5475200, 'lunas', 1, '2020-10-08 17:00:00', '2020-10-08 17:00:00'),
(235, 1, 7145900, 'lunas', 1, '2020-10-09 17:00:00', '2020-10-09 17:00:00'),
(236, 1, 7852200, 'lunas', 1, '2020-10-10 17:00:00', '2020-10-10 17:00:00'),
(237, 1, 6985500, 'lunas', 1, '2020-10-11 17:00:00', '2020-10-11 17:00:00'),
(238, 1, 5672100, 'lunas', 1, '2020-10-12 17:00:00', '2020-10-12 17:00:00'),
(239, 1, 7744400, 'lunas', 1, '2020-10-13 17:00:00', '2020-10-13 17:00:00'),
(240, 1, 4551000, 'lunas', 1, '2020-10-14 17:00:00', '2020-10-14 17:00:00'),
(241, 1, 5513400, 'lunas', 1, '2020-10-15 17:00:00', '2020-10-15 17:00:00'),
(242, 1, 6335285, 'lunas', 1, '2020-10-16 17:00:00', '2020-10-16 17:00:00'),
(243, 1, 5728000, 'lunas', 1, '2020-10-17 17:00:00', '2020-10-17 17:00:00'),
(244, 1, 5530100, 'lunas', 1, '2020-10-18 17:00:00', '2020-10-18 17:00:00'),
(245, 1, 5513500, 'lunas', 1, '2020-10-19 17:00:00', '2020-10-19 17:00:00'),
(246, 1, 6359400, 'lunas', 1, '2020-10-20 17:00:00', '2020-10-20 17:00:00'),
(247, 1, 6208600, 'lunas', 1, '2020-10-21 17:00:00', '2020-10-21 17:00:00'),
(248, 1, 6335285, 'lunas', 1, '2020-10-22 17:00:00', '2020-10-22 17:00:00'),
(249, 1, 7091400, 'lunas', 1, '2020-10-23 17:00:00', '2020-10-23 17:00:00'),
(250, 1, 7129300, 'lunas', 1, '2020-10-24 17:00:00', '2020-10-24 17:00:00'),
(251, 1, 6134800, 'lunas', 1, '2020-10-25 17:00:00', '2020-10-25 17:00:00'),
(252, 1, 5266900, 'lunas', 1, '2020-10-26 17:00:00', '2020-10-26 17:00:00'),
(253, 1, 6376800, 'lunas', 1, '2020-10-27 17:00:00', '2020-10-27 17:00:00'),
(254, 1, 5550700, 'lunas', 1, '2020-10-28 17:00:00', '2020-10-28 17:00:00'),
(255, 1, 5659100, 'lunas', 1, '2020-10-29 17:00:00', '2020-10-29 17:00:00'),
(256, 1, 6486200, 'lunas', 1, '2020-10-30 17:00:00', '2020-10-30 17:00:00'),
(257, 1, 5488000, 'lunas', 1, '2020-10-31 17:00:00', '2020-10-31 17:00:00'),
(258, 1, 7141000, 'lunas', 1, '2020-11-01 17:00:00', '2020-11-01 17:00:00'),
(259, 1, 8381800, 'lunas', 1, '2020-11-02 17:00:00', '2020-11-02 17:00:00'),
(260, 1, 5117300, 'lunas', 1, '2020-11-03 17:00:00', '2020-11-03 17:00:00'),
(261, 1, 5503100, 'lunas', 1, '2020-11-04 17:00:00', '2020-11-04 17:00:00'),
(262, 1, 5038000, 'lunas', 1, '2020-11-05 17:00:00', '2020-11-05 17:00:00'),
(263, 1, 7439100, 'lunas', 1, '2020-11-06 17:00:00', '2020-11-06 17:00:00'),
(264, 1, 5731900, 'lunas', 1, '2020-11-07 17:00:00', '2020-11-07 17:00:00'),
(265, 1, 4918600, 'lunas', 1, '2020-11-08 17:00:00', '2020-11-08 17:00:00'),
(266, 1, 7980500, 'lunas', 1, '2020-11-09 17:00:00', '2020-11-09 17:00:00'),
(267, 1, 6632557, 'lunas', 1, '2020-11-10 17:00:00', '2020-11-10 17:00:00'),
(268, 1, 8651400, 'lunas', 1, '2020-11-11 17:00:00', '2020-11-11 17:00:00'),
(269, 1, 6717100, 'lunas', 1, '2020-11-12 17:00:00', '2020-11-12 17:00:00'),
(270, 1, 6469400, 'lunas', 1, '2020-11-13 17:00:00', '2020-11-13 17:00:00'),
(271, 1, 7039000, 'lunas', 1, '2020-11-14 17:00:00', '2020-11-14 17:00:00'),
(272, 1, 6274400, 'lunas', 1, '2020-11-15 17:00:00', '2020-11-15 17:00:00'),
(273, 1, 6632557, 'lunas', 1, '2020-11-16 17:00:00', '2020-11-16 17:00:00'),
(274, 1, 7901900, 'lunas', 1, '2020-11-17 17:00:00', '2020-11-17 17:00:00'),
(275, 1, 5996400, 'lunas', 1, '2020-11-18 17:00:00', '2020-11-18 17:00:00'),
(276, 1, 5721600, 'lunas', 1, '2020-11-19 17:00:00', '2020-11-19 17:00:00'),
(277, 1, 7779600, 'lunas', 1, '2020-11-20 17:00:00', '2020-11-20 17:00:00'),
(278, 1, 7949400, 'lunas', 1, '2020-11-21 17:00:00', '2020-11-21 17:00:00'),
(279, 1, 9570000, 'lunas', 1, '2020-11-22 17:00:00', '2020-11-22 17:00:00'),
(280, 1, 5703000, 'lunas', 1, '2020-11-23 17:00:00', '2020-11-23 17:00:00'),
(281, 1, 5568700, 'lunas', 1, '2020-11-24 17:00:00', '2020-11-24 17:00:00'),
(282, 1, 5556500, 'lunas', 1, '2020-11-25 17:00:00', '2020-11-25 17:00:00'),
(283, 1, 6461400, 'lunas', 1, '2020-11-26 17:00:00', '2020-11-26 17:00:00'),
(284, 1, 6238800, 'lunas', 1, '2020-11-27 17:00:00', '2020-11-27 17:00:00'),
(285, 1, 6168600, 'lunas', 1, '2020-11-28 17:00:00', '2020-11-28 17:00:00'),
(286, 1, 7205100, 'lunas', 1, '2020-11-29 17:00:00', '2020-11-29 17:00:00');

-- --------------------------------------------------------

--
-- Table structure for table `predictions`
--

CREATE TABLE `predictions` (
  `id` int(11) NOT NULL,
  `dari_tanggal` date NOT NULL,
  `hingga_tanggal` date NOT NULL,
  `utk_tanggal` date NOT NULL,
  `prediksi_pembayaran` int(11) NOT NULL,
  `created_at` timestamp NULL DEFAULT NULL,
  `updated_at` timestamp NULL DEFAULT NULL,
  `user_id` int(11) NOT NULL
) ENGINE=InnoDB DEFAULT CHARSET=utf8;

--
-- Dumping data for table `predictions`
--

INSERT INTO `predictions` (`id`, `dari_tanggal`, `hingga_tanggal`, `utk_tanggal`, `prediksi_pembayaran`, `created_at`, `updated_at`, `user_id`) VALUES
(1, '2020-10-05', '2020-11-04', '2020-11-11', 6320697, '2021-01-20 15:47:11', '2021-01-20 15:47:11', 1),
(2, '2020-10-06', '2020-11-05', '2020-11-12', 6253742, '2021-01-20 15:47:11', '2021-01-20 15:47:11', 1),
(3, '2020-10-07', '2020-11-06', '2020-11-13', 6241328, '2021-01-20 15:47:11', '2021-01-20 15:47:11', 1),
(4, '2020-10-08', '2020-11-07', '2020-11-14', 6218707, '2021-01-20 15:47:11', '2021-01-20 15:47:11', 1),
(5, '2020-10-09', '2020-11-08', '2020-11-15', 6234790, '2021-01-20 15:47:11', '2021-01-20 15:47:11', 1),
(6, '2020-10-10', '2020-11-09', '2020-11-16', 6195875, '2021-01-20 15:47:11', '2021-01-20 15:47:11', 1),
(7, '2020-10-11', '2020-11-10', '2020-11-17', 6242243, '2021-01-20 15:47:11', '2021-01-20 15:47:11', 1),
(8, '2020-10-12', '2020-11-11', '2020-11-18', 6188925, '2021-01-20 15:47:11', '2021-01-20 15:47:11', 1),
(9, '2020-10-13', '2020-11-12', '2020-11-19', 6278035, '2021-01-20 15:47:11', '2021-01-20 15:47:11', 1),
(10, '2020-10-14', '2020-11-13', '2020-11-20', 6284902, '2021-01-20 15:47:11', '2021-01-20 15:47:11', 1),
(11, '2020-10-24', '2020-11-23', '2020-11-30', 6712527, '2021-01-21 01:22:53', '2021-01-21 01:22:53', 1);

-- --------------------------------------------------------

--
-- Table structure for table `privileges`
--

CREATE TABLE `privileges` (
  `id` int(11) NOT NULL,
  `nama` varchar(45) NOT NULL,
  `created_at` timestamp NULL DEFAULT NULL,
  `updated_at` timestamp NULL DEFAULT NULL
) ENGINE=InnoDB DEFAULT CHARSET=utf8;

--
-- Dumping data for table `privileges`
--

INSERT INTO `privileges` (`id`, `nama`, `created_at`, `updated_at`) VALUES
(1, 'administrator', '2021-01-20 15:47:06', '2021-01-20 15:47:06'),
(2, 'pengepul', '2021-01-20 15:47:06', '2021-01-20 15:47:06'),
(3, 'konsumen', '2021-01-20 15:47:06', '2021-01-20 15:47:06');

-- --------------------------------------------------------

--
-- Table structure for table `privilege_submenu`
--

CREATE TABLE `privilege_submenu` (
  `submenu_id` int(11) NOT NULL,
  `privilege_id` int(11) NOT NULL,
  `create` tinyint(4) NOT NULL DEFAULT 0,
  `read` tinyint(4) NOT NULL DEFAULT 0,
  `update` tinyint(4) NOT NULL DEFAULT 0,
  `delete` tinyint(4) NOT NULL DEFAULT 0,
  `created_at` timestamp NULL DEFAULT NULL,
  `updated_at` timestamp NULL DEFAULT NULL
) ENGINE=InnoDB DEFAULT CHARSET=utf8;

--
-- Dumping data for table `privilege_submenu`
--

INSERT INTO `privilege_submenu` (`submenu_id`, `privilege_id`, `create`, `read`, `update`, `delete`, `created_at`, `updated_at`) VALUES
(1, 1, 1, 1, 1, 1, '2021-01-20 15:47:08', '2021-01-20 15:47:08'),
(1, 2, 0, 0, 0, 0, '2021-01-20 15:47:08', '2021-01-20 15:47:08'),
(1, 3, 0, 0, 0, 0, '2021-01-20 15:47:08', '2021-01-20 15:47:08'),
(2, 1, 1, 1, 1, 1, '2021-01-20 15:47:08', '2021-01-20 15:47:08'),
(2, 2, 0, 0, 0, 0, '2021-01-20 15:47:08', '2021-01-20 15:47:08'),
(2, 3, 0, 0, 0, 0, '2021-01-20 15:47:08', '2021-01-20 15:47:08'),
(3, 1, 1, 1, 1, 1, '2021-01-20 15:47:08', '2021-01-20 15:47:08'),
(3, 2, 0, 0, 0, 0, '2021-01-20 15:47:08', '2021-01-20 15:47:08'),
(3, 3, 0, 0, 0, 0, '2021-01-20 15:47:08', '2021-01-20 15:47:08'),
(4, 1, 1, 1, 1, 1, '2021-01-20 15:47:08', '2021-01-20 15:47:08'),
(4, 2, 0, 0, 0, 0, '2021-01-20 15:47:08', '2021-01-20 15:47:08'),
(4, 3, 0, 0, 0, 0, '2021-01-20 15:47:08', '2021-01-20 15:47:08');

-- --------------------------------------------------------

--
-- Table structure for table `products`
--

CREATE TABLE `products` (
  `id` int(11) NOT NULL,
  `nama` varchar(45) NOT NULL,
  `stok` int(11) NOT NULL,
  `harga_jual` int(11) NOT NULL,
  `harga_beli` int(11) NOT NULL,
  `satuan_unit` enum('kg','biji') NOT NULL,
  `kategori` enum('kertas','plastik','logam','kaca') NOT NULL,
  `created_at` timestamp NULL DEFAULT NULL,
  `updated_at` timestamp NULL DEFAULT NULL
) ENGINE=InnoDB DEFAULT CHARSET=utf8;

--
-- Dumping data for table `products`
--

INSERT INTO `products` (`id`, `nama`, `stok`, `harga_jual`, `harga_beli`, `satuan_unit`, `kategori`, `created_at`, `updated_at`) VALUES
(1, 'kardus', 100, 2200, 1100, 'kg', 'kertas', '2021-01-20 15:47:08', '2021-01-20 15:47:08'),
(2, 'hvs', 100, 2900, 1500, 'kg', 'kertas', '2021-01-20 15:47:08', '2021-01-20 15:47:08'),
(3, 'buram', 100, 1800, 700, 'kg', 'kertas', '2021-01-20 15:47:08', '2021-01-20 15:47:08'),
(4, 'duplex', 100, 1000, 400, 'kg', 'kertas', '2021-01-20 15:47:08', '2021-01-20 15:47:08'),
(5, 'botol oli', 100, 5000, 2500, 'kg', 'plastik', '2021-01-20 15:47:08', '2021-01-20 15:47:08'),
(6, 'blowing', 100, 4000, 2500, 'kg', 'plastik', '2021-01-20 15:47:08', '2021-01-20 15:47:08'),
(7, 'naso', 100, 6400, 3000, 'kg', 'plastik', '2021-01-20 15:47:08', '2021-01-20 15:47:08'),
(8, 'plastik putih', 100, 5000, 2500, 'kg', 'plastik', '2021-01-20 15:47:08', '2021-01-20 15:47:08'),
(9, 'ember warna', 100, 3700, 1700, 'kg', 'plastik', '2021-01-20 15:47:08', '2021-01-20 15:47:08'),
(10, 'pet botol putih', 100, 5000, 2500, 'kg', 'plastik', '2021-01-20 15:47:08', '2021-01-20 15:47:08'),
(11, 'pet botol semu', 100, 4600, 2500, 'kg', 'plastik', '2021-01-20 15:47:08', '2021-01-20 15:47:08'),
(12, 'ale ale', 100, 4000, 1700, 'kg', 'plastik', '2021-01-20 15:47:08', '2021-01-20 15:47:08'),
(13, 'aqua kotor', 100, 4000, 2000, 'kg', 'plastik', '2021-01-20 15:47:08', '2021-01-20 15:47:08'),
(14, 'aqua bersih', 100, 7800, 4300, 'kg', 'plastik', '2021-01-20 15:47:08', '2021-01-20 15:47:08'),
(15, 'kaleng', 100, 2200, 900, 'kg', 'logam', '2021-01-20 15:47:08', '2021-01-20 15:47:08'),
(16, 'seng', 100, 2200, 900, 'kg', 'logam', '2021-01-20 15:47:08', '2021-01-20 15:47:08');

-- --------------------------------------------------------

--
-- Table structure for table `product_request`
--

CREATE TABLE `product_request` (
  `request_id` int(11) NOT NULL,
  `product_id` int(11) NOT NULL,
  `harga` int(11) NOT NULL,
  `qty` int(11) NOT NULL,
  `qty_diterima` int(11) DEFAULT NULL,
  `sub_total` int(11) NOT NULL,
  `catatan` varchar(255) DEFAULT NULL,
  `created_at` timestamp NULL DEFAULT NULL,
  `updated_at` timestamp NULL DEFAULT NULL
) ENGINE=InnoDB DEFAULT CHARSET=utf8;

--
-- Dumping data for table `product_request`
--

INSERT INTO `product_request` (`request_id`, `product_id`, `harga`, `qty`, `qty_diterima`, `sub_total`, `catatan`, `created_at`, `updated_at`) VALUES
(1, 1, 1100, 25, 25, 27500, NULL, '2021-01-20 15:47:08', '2021-01-20 15:47:08'),
(1, 5, 2500, 53, 53, 132500, NULL, '2021-01-20 15:47:08', '2021-01-20 15:47:08'),
(1, 6, 2500, 31, 31, 77500, NULL, '2021-01-20 15:47:08', '2021-01-20 15:47:08'),
(1, 12, 1700, 69, 69, 117300, NULL, '2021-01-20 15:47:08', '2021-01-20 15:47:08'),
(2, 3, 700, 87, 87, 60900, NULL, '2021-01-20 15:47:08', '2021-01-20 15:47:08'),
(2, 4, 400, 93, 93, 37200, NULL, '2021-01-20 15:47:08', '2021-01-20 15:47:08'),
(2, 8, 2500, 131, 131, 327500, NULL, '2021-01-20 15:47:08', '2021-01-20 15:47:08'),
(2, 9, 1700, 64, 64, 108800, NULL, '2021-01-20 15:47:08', '2021-01-20 15:47:08'),
(2, 10, 2500, 138, 138, 345000, NULL, '2021-01-20 15:47:08', '2021-01-20 15:47:08'),
(3, 1, 1100, 94, 94, 103400, NULL, '2021-01-20 15:47:08', '2021-01-20 15:47:08'),
(3, 4, 400, 147, 147, 58800, NULL, '2021-01-20 15:47:08', '2021-01-20 15:47:08'),
(3, 5, 2500, 130, 130, 325000, NULL, '2021-01-20 15:47:08', '2021-01-20 15:47:08'),
(3, 7, 3000, 25, 25, 75000, NULL, '2021-01-20 15:47:08', '2021-01-20 15:47:08'),
(3, 11, 2500, 46, 46, 115000, NULL, '2021-01-20 15:47:08', '2021-01-20 15:47:08'),
(4, 2, 1500, 111, 111, 166500, NULL, '2021-01-20 15:47:08', '2021-01-20 15:47:08'),
(4, 6, 2500, 103, 103, 257500, NULL, '2021-01-20 15:47:08', '2021-01-20 15:47:08'),
(4, 9, 1700, 141, 141, 239700, NULL, '2021-01-20 15:47:08', '2021-01-20 15:47:08'),
(4, 11, 2500, 112, 112, 280000, NULL, '2021-01-20 15:47:08', '2021-01-20 15:47:08'),
(4, 13, 2000, 76, 76, 152000, NULL, '2021-01-20 15:47:08', '2021-01-20 15:47:08'),
(5, 9, 1700, 70, 70, 119000, NULL, '2021-01-20 15:47:08', '2021-01-20 15:47:08'),
(5, 10, 2500, 41, 41, 102500, NULL, '2021-01-20 15:47:08', '2021-01-20 15:47:08'),
(5, 13, 2000, 63, 63, 126000, NULL, '2021-01-20 15:47:08', '2021-01-20 15:47:08'),
(5, 16, 900, 73, 73, 65700, NULL, '2021-01-20 15:47:08', '2021-01-20 15:47:08'),
(6, 5, 2500, 37, 37, 92500, NULL, '2021-01-20 15:47:08', '2021-01-20 15:47:08'),
(6, 6, 2500, 132, 132, 330000, NULL, '2021-01-20 15:47:08', '2021-01-20 15:47:08'),
(6, 9, 1700, 90, 90, 153000, NULL, '2021-01-20 15:47:08', '2021-01-20 15:47:08'),
(6, 12, 1700, 105, 105, 178500, NULL, '2021-01-20 15:47:08', '2021-01-20 15:47:08'),
(6, 16, 900, 66, 66, 59400, NULL, '2021-01-20 15:47:08', '2021-01-20 15:47:08'),
(7, 2, 1500, 118, 118, 177000, NULL, '2021-01-20 15:47:08', '2021-01-20 15:47:08'),
(7, 3, 700, 136, 136, 95200, NULL, '2021-01-20 15:47:08', '2021-01-20 15:47:08'),
(7, 7, 3000, 92, 92, 276000, NULL, '2021-01-20 15:47:08', '2021-01-20 15:47:08'),
(7, 8, 2500, 66, 66, 165000, NULL, '2021-01-20 15:47:08', '2021-01-20 15:47:08'),
(7, 15, 900, 142, 142, 127800, NULL, '2021-01-20 15:47:08', '2021-01-20 15:47:08'),
(8, 1, 1100, 107, 107, 117700, NULL, '2021-01-20 15:47:08', '2021-01-20 15:47:08'),
(8, 3, 700, 46, 46, 32200, NULL, '2021-01-20 15:47:08', '2021-01-20 15:47:08'),
(8, 4, 400, 128, 128, 51200, NULL, '2021-01-20 15:47:08', '2021-01-20 15:47:08'),
(8, 8, 2500, 32, 32, 80000, NULL, '2021-01-20 15:47:08', '2021-01-20 15:47:08'),
(8, 11, 2500, 131, 131, 327500, NULL, '2021-01-20 15:47:08', '2021-01-20 15:47:08'),
(9, 4, 400, 72, 72, 28800, NULL, '2021-01-20 15:47:08', '2021-01-20 15:47:08'),
(9, 8, 2500, 136, 136, 340000, NULL, '2021-01-20 15:47:08', '2021-01-20 15:47:08'),
(9, 11, 2500, 116, 116, 290000, NULL, '2021-01-20 15:47:08', '2021-01-20 15:47:08'),
(9, 14, 4300, 132, 132, 567600, NULL, '2021-01-20 15:47:08', '2021-01-20 15:47:08'),
(9, 15, 900, 98, 98, 88200, NULL, '2021-01-20 15:47:08', '2021-01-20 15:47:08'),
(10, 3, 700, 129, 129, 90300, NULL, '2021-01-20 15:47:08', '2021-01-20 15:47:08'),
(10, 5, 2500, 63, 63, 157500, NULL, '2021-01-20 15:47:08', '2021-01-20 15:47:08'),
(10, 7, 3000, 95, 95, 285000, NULL, '2021-01-20 15:47:08', '2021-01-20 15:47:08'),
(10, 16, 900, 75, 75, 67500, NULL, '2021-01-20 15:47:08', '2021-01-20 15:47:08'),
(11, 3, 700, 65, 65, 45500, NULL, '2021-01-20 15:47:08', '2021-01-21 01:19:06'),
(11, 4, 400, 64, 64, 25600, NULL, '2021-01-20 15:47:08', '2021-01-21 01:19:06'),
(11, 9, 1700, 136, 136, 231200, NULL, '2021-01-20 15:47:08', '2021-01-21 01:19:06'),
(12, 5, 2500, 85, NULL, 212500, NULL, '2021-01-20 15:47:08', '2021-01-20 15:47:08'),
(12, 8, 2500, 120, NULL, 300000, NULL, '2021-01-20 15:47:08', '2021-01-20 15:47:08'),
(12, 10, 2500, 86, NULL, 215000, NULL, '2021-01-20 15:47:08', '2021-01-20 15:47:08'),
(12, 13, 2000, 105, NULL, 210000, NULL, '2021-01-20 15:47:08', '2021-01-20 15:47:08'),
(12, 14, 4300, 119, NULL, 511700, NULL, '2021-01-20 15:47:08', '2021-01-20 15:47:08'),
(13, 11, 2500, 54, 54, 135000, NULL, '2021-01-20 15:47:08', '2021-01-23 10:02:32'),
(13, 14, 4300, 140, 140, 602000, NULL, '2021-01-20 15:47:08', '2021-01-23 10:02:32'),
(13, 15, 900, 71, 71, 63900, NULL, '2021-01-20 15:47:08', '2021-01-23 10:02:33'),
(13, 16, 900, 48, 48, 43200, NULL, '2021-01-20 15:47:08', '2021-01-23 10:02:33'),
(14, 2, 1500, 111, 100, 150000, 'kondisi barang basah', '2021-01-20 15:47:08', '2021-01-22 15:34:37'),
(14, 11, 2500, 84, 84, 210000, NULL, '2021-01-20 15:47:08', '2021-01-22 15:34:37'),
(14, 12, 1700, 24, 24, 40800, NULL, '2021-01-20 15:47:08', '2021-01-22 15:34:37'),
(14, 14, 4300, 30, 30, 129000, NULL, '2021-01-20 15:47:08', '2021-01-22 15:34:37'),
(15, 1, 1100, 40, 40, 44000, 'hai', '2021-01-20 15:47:08', '2021-01-22 15:34:09'),
(15, 3, 700, 113, 113, 79100, 'cek', '2021-01-20 15:47:08', '2021-01-22 15:34:09'),
(15, 15, 900, 53, 53, 47700, 'test', '2021-01-20 15:47:08', '2021-01-22 15:34:09'),
(16, 4, 400, 189, NULL, 75600, NULL, '2021-01-20 15:47:08', '2021-01-20 15:47:08'),
(16, 8, 2500, 383, NULL, 957500, NULL, '2021-01-20 15:47:08', '2021-01-20 15:47:08'),
(16, 10, 2500, 496, NULL, 1240000, NULL, '2021-01-20 15:47:08', '2021-01-20 15:47:08'),
(16, 16, 900, 435, NULL, 391500, NULL, '2021-01-20 15:47:08', '2021-01-20 15:47:08'),
(17, 8, 2500, 430, NULL, 1075000, NULL, '2021-01-20 15:47:08', '2021-01-20 15:47:08'),
(17, 9, 1700, 459, NULL, 780300, NULL, '2021-01-20 15:47:08', '2021-01-20 15:47:08'),
(17, 11, 2500, 476, NULL, 1190000, NULL, '2021-01-20 15:47:08', '2021-01-20 15:47:08'),
(17, 13, 2000, 331, NULL, 662000, NULL, '2021-01-20 15:47:08', '2021-01-20 15:47:08'),
(17, 16, 900, 310, NULL, 279000, NULL, '2021-01-20 15:47:08', '2021-01-20 15:47:08'),
(18, 1, 1100, 322, NULL, 354200, NULL, '2021-01-20 15:47:08', '2021-01-20 15:47:08'),
(18, 9, 1700, 179, NULL, 304300, NULL, '2021-01-20 15:47:08', '2021-01-20 15:47:08'),
(18, 12, 1700, 168, NULL, 285600, NULL, '2021-01-20 15:47:08', '2021-01-20 15:47:08'),
(18, 16, 900, 418, NULL, 376200, NULL, '2021-01-20 15:47:08', '2021-01-20 15:47:08'),
(19, 1, 1100, 253, NULL, 278300, NULL, '2021-01-20 15:47:08', '2021-01-20 15:47:08'),
(19, 2, 1500, 364, NULL, 546000, NULL, '2021-01-20 15:47:08', '2021-01-20 15:47:08'),
(19, 4, 400, 283, NULL, 113200, NULL, '2021-01-20 15:47:08', '2021-01-20 15:47:08'),
(19, 10, 2500, 279, NULL, 697500, NULL, '2021-01-20 15:47:08', '2021-01-20 15:47:08'),
(19, 11, 2500, 183, NULL, 457500, NULL, '2021-01-20 15:47:08', '2021-01-20 15:47:08'),
(20, 6, 2500, 306, NULL, 765000, NULL, '2021-01-20 15:47:08', '2021-01-20 15:47:08'),
(20, 7, 3000, 493, NULL, 1479000, NULL, '2021-01-20 15:47:08', '2021-01-20 15:47:08'),
(20, 8, 2500, 416, NULL, 1040000, NULL, '2021-01-20 15:47:08', '2021-01-20 15:47:08'),
(20, 9, 1700, 260, NULL, 442000, NULL, '2021-01-20 15:47:08', '2021-01-20 15:47:08'),
(20, 12, 1700, 435, NULL, 739500, NULL, '2021-01-20 15:47:08', '2021-01-20 15:47:08'),
(21, 4, 400, 239, NULL, 95600, NULL, '2021-01-20 15:47:08', '2021-01-20 15:47:08'),
(21, 8, 2500, 472, NULL, 1180000, NULL, '2021-01-20 15:47:08', '2021-01-20 15:47:08'),
(21, 12, 1700, 225, NULL, 382500, NULL, '2021-01-20 15:47:08', '2021-01-20 15:47:08'),
(21, 15, 900, 399, NULL, 359100, NULL, '2021-01-20 15:47:08', '2021-01-20 15:47:08'),
(22, 1, 1100, 347, NULL, 381700, NULL, '2021-01-20 15:47:08', '2021-01-20 15:47:08'),
(22, 3, 700, 165, NULL, 115500, NULL, '2021-01-20 15:47:08', '2021-01-20 15:47:08'),
(22, 10, 2500, 476, NULL, 1190000, NULL, '2021-01-20 15:47:08', '2021-01-20 15:47:08'),
(22, 12, 1700, 471, NULL, 800700, NULL, '2021-01-20 15:47:08', '2021-01-20 15:47:08'),
(22, 13, 2000, 206, NULL, 412000, NULL, '2021-01-20 15:47:08', '2021-01-20 15:47:08'),
(23, 1, 1100, 244, NULL, 268400, NULL, '2021-01-20 15:47:08', '2021-01-20 15:47:08'),
(23, 3, 700, 455, NULL, 318500, NULL, '2021-01-20 15:47:08', '2021-01-20 15:47:08'),
(23, 8, 2500, 230, NULL, 575000, NULL, '2021-01-20 15:47:08', '2021-01-20 15:47:08'),
(23, 13, 2000, 325, NULL, 650000, NULL, '2021-01-20 15:47:09', '2021-01-20 15:47:09'),
(23, 16, 900, 333, NULL, 299700, NULL, '2021-01-20 15:47:09', '2021-01-20 15:47:09'),
(24, 1, 1100, 347, NULL, 381700, NULL, '2021-01-20 15:47:09', '2021-01-20 15:47:09'),
(24, 2, 1500, 283, NULL, 424500, NULL, '2021-01-20 15:47:09', '2021-01-20 15:47:09'),
(24, 5, 2500, 169, NULL, 422500, NULL, '2021-01-20 15:47:09', '2021-01-20 15:47:09'),
(24, 12, 1700, 387, NULL, 657900, NULL, '2021-01-20 15:47:09', '2021-01-20 15:47:09'),
(24, 13, 2000, 193, NULL, 386000, NULL, '2021-01-20 15:47:09', '2021-01-20 15:47:09'),
(25, 4, 400, 308, NULL, 123200, NULL, '2021-01-20 15:47:09', '2021-01-20 15:47:09'),
(25, 5, 2500, 212, NULL, 530000, NULL, '2021-01-20 15:47:09', '2021-01-20 15:47:09'),
(25, 7, 3000, 275, NULL, 825000, NULL, '2021-01-20 15:47:09', '2021-01-20 15:47:09'),
(25, 13, 2000, 209, NULL, 418000, NULL, '2021-01-20 15:47:09', '2021-01-20 15:47:09'),
(25, 14, 4300, 496, NULL, 2132800, NULL, '2021-01-20 15:47:09', '2021-01-20 15:47:09'),
(26, 1, 1100, 442, NULL, 486200, NULL, '2021-01-20 15:47:09', '2021-01-20 15:47:09'),
(26, 4, 400, 474, NULL, 189600, NULL, '2021-01-20 15:47:09', '2021-01-20 15:47:09'),
(26, 9, 1700, 187, NULL, 317900, NULL, '2021-01-20 15:47:09', '2021-01-20 15:47:09'),
(26, 15, 900, 243, NULL, 218700, NULL, '2021-01-20 15:47:09', '2021-01-20 15:47:09'),
(27, 1, 1100, 210, NULL, 231000, NULL, '2021-01-20 15:47:09', '2021-01-20 15:47:09'),
(27, 5, 2500, 232, NULL, 580000, NULL, '2021-01-20 15:47:09', '2021-01-20 15:47:09'),
(27, 10, 2500, 491, NULL, 1227500, NULL, '2021-01-20 15:47:09', '2021-01-20 15:47:09'),
(27, 12, 1700, 371, NULL, 630700, NULL, '2021-01-20 15:47:09', '2021-01-20 15:47:09'),
(28, 1, 1100, 336, NULL, 369600, NULL, '2021-01-20 15:47:09', '2021-01-20 15:47:09'),
(28, 8, 2500, 156, NULL, 390000, NULL, '2021-01-20 15:47:09', '2021-01-20 15:47:09'),
(28, 13, 2000, 188, NULL, 376000, NULL, '2021-01-20 15:47:09', '2021-01-20 15:47:09'),
(28, 15, 900, 472, NULL, 424800, NULL, '2021-01-20 15:47:09', '2021-01-20 15:47:09'),
(29, 4, 400, 218, NULL, 87200, NULL, '2021-01-20 15:47:09', '2021-01-20 15:47:09'),
(29, 5, 2500, 223, NULL, 557500, NULL, '2021-01-20 15:47:09', '2021-01-20 15:47:09'),
(29, 10, 2500, 316, NULL, 790000, NULL, '2021-01-20 15:47:09', '2021-01-20 15:47:09'),
(29, 13, 2000, 312, NULL, 624000, NULL, '2021-01-20 15:47:09', '2021-01-20 15:47:09'),
(30, 1, 1100, 420, NULL, 462000, NULL, '2021-01-20 15:47:09', '2021-01-20 15:47:09'),
(30, 10, 2500, 185, NULL, 462500, NULL, '2021-01-20 15:47:09', '2021-01-20 15:47:09'),
(30, 12, 1700, 258, NULL, 438600, NULL, '2021-01-20 15:47:09', '2021-01-20 15:47:09'),
(30, 15, 900, 234, NULL, 210600, NULL, '2021-01-20 15:47:09', '2021-01-20 15:47:09');

-- --------------------------------------------------------

--
-- Table structure for table `requests`
--

CREATE TABLE `requests` (
  `id` int(11) NOT NULL,
  `tanggal_transaksi` datetime NOT NULL,
  `total_transaksi` int(11) NOT NULL DEFAULT 0,
  `jenis_permintaan` enum('pengambilan','pembelian') NOT NULL,
  `status_request` enum('menunggu','proses','diterima','ditolak','batal','selesai','dikirim','diambil') NOT NULL,
  `tanggal_konfirmasi` datetime DEFAULT NULL,
  `admin_id` int(11) DEFAULT NULL,
  `pelanggan_id` int(11) NOT NULL,
  `created_at` timestamp NULL DEFAULT NULL,
  `updated_at` timestamp NULL DEFAULT NULL
) ENGINE=InnoDB DEFAULT CHARSET=utf8;

--
-- Dumping data for table `requests`
--

INSERT INTO `requests` (`id`, `tanggal_transaksi`, `total_transaksi`, `jenis_permintaan`, `status_request`, `tanggal_konfirmasi`, `admin_id`, `pelanggan_id`, `created_at`, `updated_at`) VALUES
(1, '2021-01-20 22:47:08', 354800, 'pengambilan', 'diterima', '2021-01-20 22:47:08', 1, 3, '2021-01-20 15:47:08', '2021-01-20 15:47:08'),
(2, '2021-01-20 22:47:08', 879400, 'pengambilan', 'diterima', '2021-01-20 22:47:08', 1, 9, '2021-01-20 15:47:08', '2021-01-20 15:47:08'),
(3, '2021-01-20 22:47:08', 677200, 'pengambilan', 'diterima', '2021-01-20 22:47:08', 1, 3, '2021-01-20 15:47:08', '2021-01-20 15:47:08'),
(4, '2021-01-20 22:47:08', 1095700, 'pengambilan', 'diterima', '2021-01-20 22:47:08', 1, 5, '2021-01-20 15:47:08', '2021-01-20 15:47:08'),
(5, '2021-01-20 22:47:08', 413200, 'pengambilan', 'diterima', '2021-01-20 22:47:08', 1, 5, '2021-01-20 15:47:08', '2021-01-20 15:47:08'),
(6, '2021-01-20 22:47:08', 813400, 'pengambilan', 'diterima', '2021-01-20 22:47:08', 1, 1, '2021-01-20 15:47:08', '2021-01-20 15:47:08'),
(7, '2021-01-20 22:47:08', 841000, 'pengambilan', 'diterima', '2021-01-20 22:47:08', 1, 6, '2021-01-20 15:47:08', '2021-01-20 15:47:08'),
(8, '2021-01-20 22:47:08', 608600, 'pengambilan', 'diterima', '2021-01-20 22:47:08', 1, 4, '2021-01-20 15:47:08', '2021-01-20 15:47:08'),
(9, '2021-01-20 22:47:08', 1314600, 'pengambilan', 'diterima', '2021-01-20 22:47:08', 1, 9, '2021-01-20 15:47:08', '2021-01-20 15:47:08'),
(10, '2021-01-20 22:47:08', 600300, 'pengambilan', 'diterima', '2021-01-20 22:47:08', 1, 3, '2021-01-20 15:47:08', '2021-01-20 15:47:08'),
(11, '2021-01-20 22:47:08', 302300, 'pengambilan', 'diterima', '2021-01-21 08:19:06', 1, 9, '2021-01-20 15:47:08', '2021-01-21 01:19:06'),
(12, '2021-01-20 22:47:08', 1449200, 'pengambilan', 'menunggu', NULL, NULL, 6, '2021-01-20 15:47:08', '2021-01-20 15:47:08'),
(13, '2021-01-20 22:47:08', 844100, 'pengambilan', 'proses', '2021-01-23 17:02:33', 1, 4, '2021-01-20 15:47:08', '2021-01-23 10:04:59'),
(14, '2021-01-20 22:47:08', 529800, 'pengambilan', 'diterima', '2021-01-22 22:34:37', 1, 7, '2021-01-20 15:47:08', '2021-01-22 15:34:37'),
(15, '2021-01-20 22:47:08', 170800, 'pengambilan', 'diterima', '2021-01-22 22:34:09', 1, 3, '2021-01-20 15:47:08', '2021-01-22 15:34:09'),
(16, '2021-01-20 22:47:08', 2664600, 'pembelian', 'diterima', '2021-01-20 22:47:08', 1, 10, '2021-01-20 15:47:08', '2021-01-20 15:47:08'),
(17, '2021-01-20 22:47:08', 3986300, 'pembelian', 'diterima', '2021-01-20 22:47:08', 1, 10, '2021-01-20 15:47:08', '2021-01-20 15:47:08'),
(18, '2021-01-20 22:47:08', 1320300, 'pembelian', 'diterima', '2021-01-20 22:47:08', 1, 13, '2021-01-20 15:47:08', '2021-01-20 15:47:08'),
(19, '2021-01-20 22:47:08', 2092500, 'pembelian', 'diterima', '2021-01-20 22:47:08', 1, 10, '2021-01-20 15:47:08', '2021-01-20 15:47:08'),
(20, '2021-01-20 22:47:08', 4465500, 'pembelian', 'diterima', '2021-01-20 22:47:08', 1, 10, '2021-01-20 15:47:08', '2021-01-20 15:47:08'),
(21, '2021-01-20 22:47:08', 2017200, 'pembelian', 'diterima', '2021-01-20 22:47:08', 1, 13, '2021-01-20 15:47:08', '2021-01-20 15:47:08'),
(22, '2021-01-20 22:47:08', 2899900, 'pembelian', 'diterima', '2021-01-20 22:47:08', 1, 12, '2021-01-20 15:47:08', '2021-01-20 15:47:08'),
(23, '2021-01-20 22:47:08', 2111600, 'pembelian', 'diterima', '2021-01-20 22:47:08', 1, 12, '2021-01-20 15:47:08', '2021-01-20 15:47:09'),
(24, '2021-01-20 22:47:09', 2272600, 'pembelian', 'diterima', '2021-01-20 22:47:09', 1, 14, '2021-01-20 15:47:09', '2021-01-20 15:47:09'),
(25, '2021-01-20 22:47:09', 4029000, 'pembelian', 'diterima', '2021-01-20 22:47:09', 1, 12, '2021-01-20 15:47:09', '2021-01-20 15:47:09'),
(26, '2021-01-20 22:47:09', 1212400, 'pembelian', 'diterima', '2021-01-22 22:35:06', 1, 10, '2021-01-20 15:47:09', '2021-01-22 15:35:06'),
(27, '2021-01-20 22:47:09', 2669200, 'pembelian', 'diterima', '2021-07-03 21:33:40', 1, 11, '2021-01-20 15:47:09', '2021-07-03 14:33:40'),
(28, '2021-01-20 22:47:09', 1560400, 'pembelian', 'diterima', '2021-07-03 21:33:50', 1, 10, '2021-01-20 15:47:09', '2021-07-03 14:33:50'),
(29, '2021-01-20 22:47:09', 2058700, 'pembelian', 'menunggu', NULL, NULL, 11, '2021-01-20 15:47:09', '2021-01-20 15:47:09'),
(30, '2021-01-20 22:47:09', 1573700, 'pembelian', 'diterima', '2021-01-22 22:35:22', 1, 14, '2021-01-20 15:47:09', '2021-01-22 15:35:22');

-- --------------------------------------------------------

--
-- Table structure for table `schedules`
--

CREATE TABLE `schedules` (
  `id` int(11) NOT NULL,
  `waktu_mulai_aktual` datetime DEFAULT NULL,
  `waktu_selesai_aktual` datetime DEFAULT NULL,
  `status_jadwal` enum('terjadwal','proses','selesai','batal') NOT NULL,
  `request_id` int(11) NOT NULL,
  `worktime_id` int(11) NOT NULL,
  `created_at` timestamp NULL DEFAULT NULL,
  `updated_at` timestamp NULL DEFAULT NULL
) ENGINE=InnoDB DEFAULT CHARSET=utf8;

--
-- Dumping data for table `schedules`
--

INSERT INTO `schedules` (`id`, `waktu_mulai_aktual`, `waktu_selesai_aktual`, `status_jadwal`, `request_id`, `worktime_id`, `created_at`, `updated_at`) VALUES
(1, '2021-01-20 22:47:08', '2021-01-20 22:47:08', 'selesai', 1, 96, '2021-01-20 15:47:08', '2021-01-20 15:47:08'),
(2, '2021-01-20 22:47:08', '2021-01-20 22:47:08', 'selesai', 2, 97, '2021-01-20 15:47:08', '2021-01-20 15:47:08'),
(3, '2021-01-20 22:47:08', '2021-01-20 22:47:08', 'selesai', 3, 98, '2021-01-20 15:47:08', '2021-01-20 15:47:08'),
(4, '2021-01-20 22:47:08', '2021-01-20 22:47:08', 'selesai', 4, 99, '2021-01-20 15:47:08', '2021-01-20 15:47:08'),
(5, '2021-01-20 22:47:08', '2021-01-20 22:47:08', 'selesai', 5, 100, '2021-01-20 15:47:08', '2021-01-20 15:47:08'),
(6, NULL, NULL, 'terjadwal', 6, 101, '2021-01-20 15:47:08', '2021-01-20 15:47:08'),
(7, NULL, NULL, 'terjadwal', 7, 102, '2021-01-20 15:47:08', '2021-01-20 15:47:08'),
(8, NULL, NULL, 'terjadwal', 8, 103, '2021-01-20 15:47:08', '2021-01-20 15:47:08'),
(9, NULL, NULL, 'terjadwal', 9, 104, '2021-01-20 15:47:08', '2021-01-20 15:47:08'),
(10, NULL, NULL, 'terjadwal', 10, 105, '2021-01-20 15:47:08', '2021-01-20 15:47:08'),
(11, NULL, NULL, 'terjadwal', 11, 106, '2021-01-21 01:19:06', '2021-01-21 01:19:06'),
(12, NULL, NULL, 'terjadwal', 15, 107, '2021-01-22 15:34:09', '2021-01-22 15:34:09'),
(13, NULL, NULL, 'terjadwal', 14, 108, '2021-01-22 15:34:37', '2021-01-22 15:34:37'),
(14, '2021-01-23 17:04:59', NULL, 'proses', 13, 111, '2021-01-23 10:02:33', '2021-01-23 10:04:59');

-- --------------------------------------------------------

--
-- Table structure for table `submenus`
--

CREATE TABLE `submenus` (
  `id` int(11) NOT NULL,
  `nama` varchar(45) NOT NULL,
  `no_urut` int(2) NOT NULL,
  `url` varchar(45) NOT NULL,
  `menu_id` int(11) NOT NULL,
  `created_at` timestamp NULL DEFAULT NULL,
  `updated_at` timestamp NULL DEFAULT NULL
) ENGINE=InnoDB DEFAULT CHARSET=utf8;

--
-- Dumping data for table `submenus`
--

INSERT INTO `submenus` (`id`, `nama`, `no_urut`, `url`, `menu_id`, `created_at`, `updated_at`) VALUES
(1, 'menu', 1, 'menu', 1, '2021-01-20 15:47:08', '2021-01-20 15:47:08'),
(2, 'privilege', 2, 'privilege', 1, '2021-01-20 15:47:08', '2021-01-20 15:47:08'),
(3, 'aksesibilitas', 3, 'akses', 1, '2021-01-20 15:47:08', '2021-01-20 15:47:08'),
(4, 'prediksi', 1, 'prediction', 6, '2021-01-20 15:47:08', '2021-01-20 15:47:08');

-- --------------------------------------------------------

--
-- Table structure for table `users`
--

CREATE TABLE `users` (
  `id` int(11) NOT NULL,
  `name` varchar(255) NOT NULL,
  `email` varchar(255) NOT NULL,
  `email_verified_at` timestamp NULL DEFAULT NULL,
  `password` varchar(255) NOT NULL,
  `telepon` varchar(15) DEFAULT NULL,
  `alamat` mediumtext DEFAULT NULL,
  `remember_token` varchar(100) DEFAULT NULL,
  `privilege_id` int(11) NOT NULL,
  `created_at` timestamp NULL DEFAULT NULL,
  `updated_at` timestamp NULL DEFAULT NULL
) ENGINE=InnoDB DEFAULT CHARSET=utf8;

--
-- Dumping data for table `users`
--

INSERT INTO `users` (`id`, `name`, `email`, `email_verified_at`, `password`, `telepon`, `alamat`, `remember_token`, `privilege_id`, `created_at`, `updated_at`) VALUES
(1, 'aprillyo', 'admin@argon.com', '2021-01-20 15:47:06', '$2y$10$yBXWzVyrPEGTlCuBiusPCexjvSiKjZOPVAeb8UHc1qqCX2qoR42oa', NULL, NULL, NULL, 1, '2021-01-20 15:47:06', '2021-01-20 15:47:06'),
(2, 'karmin', 'karmin@argon.com', '2021-01-20 15:47:06', '$2y$10$c0GZd0fU3gCBKHeJi/rktuIiZAga4pTQQdlG8kpmjm.dfNBUe/jx.', NULL, NULL, NULL, 2, '2021-01-20 15:47:06', '2021-01-20 15:47:06'),
(3, 'basir', 'basir@argon.com', '2021-01-20 15:47:06', '$2y$10$qK/gCpEHCbg79FDKn.41QOlbbb0E8XTSJxU1QdskXNqIVmCzmCIf.', NULL, NULL, NULL, 2, '2021-01-20 15:47:06', '2021-01-20 15:47:06'),
(4, 'salwi', 'salwi@argon.com', '2021-01-20 15:47:06', '$2y$10$7tI4RUp/KgfZM6wpJfhwGOtyVZVMnXyDLFI0C7/wCzsDU35D9eXhy', NULL, NULL, NULL, 2, '2021-01-20 15:47:07', '2021-01-20 15:47:07'),
(5, 'asis', 'asis@argon.com', '2021-01-20 15:47:07', '$2y$10$crQ.L0HjO6MQ5Y6hu.oWIuITLZad6VPMgCJUfmWERg16hWkxwF6wu', NULL, NULL, NULL, 2, '2021-01-20 15:47:07', '2021-01-20 15:47:07'),
(6, 'tamri', 'tamri@argon.com', '2021-01-20 15:47:07', '$2y$10$5DggrHOCnP/szfIdqJIzVeEYyY99Z6Sl86mdjk5G41emC5tbkI7HG', NULL, NULL, NULL, 2, '2021-01-20 15:47:07', '2021-01-20 15:47:07'),
(7, 'imis', 'imis@argon.com', '2021-01-20 15:47:07', '$2y$10$BAqbWyjBOcla8K7eEsUQ7OtQbiqlDL5NeiTy4SGmqXHRZqQ.JTG96', NULL, NULL, NULL, 2, '2021-01-20 15:47:07', '2021-01-20 15:47:07'),
(8, 'waryo', 'waryo@argon.com', '2021-01-20 15:47:07', '$2y$10$HRMfQgYB5ZjHNVXA4BQvuOEPT6fTqqOSDTlgm8gnxKCt7Sky2hoFe', NULL, NULL, NULL, 2, '2021-01-20 15:47:07', '2021-01-20 15:47:07'),
(9, 'wahdi', 'wahdi@argon.com', '2021-01-20 15:47:07', '$2y$10$jJY9HzYb747GAqPIFCusQe3HZZDF2.JONJyi0/U9zXMwq1AoXzQmC', NULL, NULL, NULL, 2, '2021-01-20 15:47:07', '2021-01-20 15:47:07'),
(10, 'pabrik', 'pabrik@argon.com', '2021-01-20 15:47:07', '$2y$10$H88HaJHBUadLUuEneDOcCeELqq8ffp/gXNPE6biO34SDi5MbQQncG', NULL, NULL, NULL, 3, '2021-01-20 15:47:07', '2021-01-20 15:47:07'),
(11, 'cahya', 'cahya@argon.com', '2021-01-20 15:47:07', '$2y$10$BN1Daca2aqNvMcX5G6h4Nu7qyzqCqVGyOHLQdYxp8wPpwC0FbrgIq', NULL, NULL, NULL, 3, '2021-01-20 15:47:07', '2021-01-20 15:47:07'),
(12, 'ida', 'ida@argon.com', '2021-01-20 15:47:07', '$2y$10$Ni7eg38xxFBfZQPgnM4jrusdH4ZUBFGHRS.4Pna0nLfip0OS95PGK', NULL, NULL, NULL, 3, '2021-01-20 15:47:07', '2021-01-20 15:47:07'),
(13, 'gudang', 'gudang@argon.com', '2021-01-20 15:47:07', '$2y$10$mj8dNlBoe/jw1/RMyg1OGe35I8x7BIMg9ALxO.IwBnMzo7fB5cedK', NULL, NULL, NULL, 3, '2021-01-20 15:47:07', '2021-01-20 15:47:07'),
(14, 'basuki', 'basuki@argon.com', '2021-01-20 15:47:07', '$2y$10$BaGRkRgLMk9Rdb2ctjz8LepmvdMIfLnzC9Qo6Uko7N3FsC6TZZui6', NULL, NULL, NULL, 3, '2021-01-20 15:47:07', '2021-01-20 15:47:07');

-- --------------------------------------------------------

--
-- Table structure for table `worktimes`
--

CREATE TABLE `worktimes` (
  `id` int(11) NOT NULL,
  `waktu_mulai` datetime NOT NULL,
  `waktu_selesai` datetime NOT NULL,
  `status` tinyint(4) NOT NULL DEFAULT 1,
  `created_at` timestamp NULL DEFAULT NULL,
  `updated_at` timestamp NULL DEFAULT NULL
) ENGINE=InnoDB DEFAULT CHARSET=utf8;

--
-- Dumping data for table `worktimes`
--

INSERT INTO `worktimes` (`id`, `waktu_mulai`, `waktu_selesai`, `status`, `created_at`, `updated_at`) VALUES
(1, '2021-01-01 07:00:00', '2021-01-01 08:45:00', 1, '2021-01-20 15:47:06', '2021-01-20 15:47:06'),
(2, '2021-01-01 08:45:00', '2021-01-01 10:30:00', 1, '2021-01-20 15:47:06', '2021-01-20 15:47:06'),
(3, '2021-01-01 10:30:00', '2021-01-01 12:15:00', 1, '2021-01-20 15:47:06', '2021-01-20 15:47:06'),
(4, '2021-01-01 13:00:00', '2021-01-01 14:45:00', 1, '2021-01-20 15:47:06', '2021-01-20 15:47:06'),
(5, '2021-01-01 14:45:00', '2021-01-01 16:30:00', 1, '2021-01-20 15:47:06', '2021-01-20 15:47:06'),
(6, '2021-01-02 07:00:00', '2021-01-02 08:45:00', 1, '2021-01-20 15:47:06', '2021-01-20 15:47:06'),
(7, '2021-01-02 08:45:00', '2021-01-02 10:30:00', 1, '2021-01-20 15:47:06', '2021-01-20 15:47:06'),
(8, '2021-01-02 10:30:00', '2021-01-02 12:15:00', 1, '2021-01-20 15:47:06', '2021-01-20 15:47:06'),
(9, '2021-01-02 13:00:00', '2021-01-02 14:45:00', 1, '2021-01-20 15:47:06', '2021-01-20 15:47:06'),
(10, '2021-01-02 14:45:00', '2021-01-02 16:30:00', 1, '2021-01-20 15:47:06', '2021-01-20 15:47:06'),
(11, '2021-01-03 07:00:00', '2021-01-03 08:45:00', 1, '2021-01-20 15:47:06', '2021-01-20 15:47:06'),
(12, '2021-01-03 08:45:00', '2021-01-03 10:30:00', 1, '2021-01-20 15:47:06', '2021-01-20 15:47:06'),
(13, '2021-01-03 10:30:00', '2021-01-03 12:15:00', 1, '2021-01-20 15:47:06', '2021-01-20 15:47:06'),
(14, '2021-01-03 13:00:00', '2021-01-03 14:45:00', 1, '2021-01-20 15:47:06', '2021-01-20 15:47:06'),
(15, '2021-01-03 14:45:00', '2021-01-03 16:30:00', 1, '2021-01-20 15:47:06', '2021-01-20 15:47:06'),
(16, '2021-01-04 07:00:00', '2021-01-04 08:45:00', 1, '2021-01-20 15:47:06', '2021-01-20 15:47:06'),
(17, '2021-01-04 08:45:00', '2021-01-04 10:30:00', 1, '2021-01-20 15:47:06', '2021-01-20 15:47:06'),
(18, '2021-01-04 10:30:00', '2021-01-04 12:15:00', 1, '2021-01-20 15:47:06', '2021-01-20 15:47:06'),
(19, '2021-01-04 13:00:00', '2021-01-04 14:45:00', 1, '2021-01-20 15:47:06', '2021-01-20 15:47:06'),
(20, '2021-01-04 14:45:00', '2021-01-04 16:30:00', 1, '2021-01-20 15:47:06', '2021-01-20 15:47:06'),
(21, '2021-01-05 07:00:00', '2021-01-05 08:45:00', 1, '2021-01-20 15:47:06', '2021-01-20 15:47:06'),
(22, '2021-01-05 08:45:00', '2021-01-05 10:30:00', 1, '2021-01-20 15:47:06', '2021-01-20 15:47:06'),
(23, '2021-01-05 10:30:00', '2021-01-05 12:15:00', 1, '2021-01-20 15:47:06', '2021-01-20 15:47:06'),
(24, '2021-01-05 13:00:00', '2021-01-05 14:45:00', 1, '2021-01-20 15:47:06', '2021-01-20 15:47:06'),
(25, '2021-01-05 14:45:00', '2021-01-05 16:30:00', 1, '2021-01-20 15:47:06', '2021-01-20 15:47:06'),
(26, '2021-01-06 07:00:00', '2021-01-06 08:45:00', 1, '2021-01-20 15:47:06', '2021-01-20 15:47:06'),
(27, '2021-01-06 08:45:00', '2021-01-06 10:30:00', 1, '2021-01-20 15:47:06', '2021-01-20 15:47:06'),
(28, '2021-01-06 10:30:00', '2021-01-06 12:15:00', 1, '2021-01-20 15:47:06', '2021-01-20 15:47:06'),
(29, '2021-01-06 13:00:00', '2021-01-06 14:45:00', 1, '2021-01-20 15:47:06', '2021-01-20 15:47:06'),
(30, '2021-01-06 14:45:00', '2021-01-06 16:30:00', 1, '2021-01-20 15:47:06', '2021-01-20 15:47:06'),
(31, '2021-01-07 07:00:00', '2021-01-07 08:45:00', 1, '2021-01-20 15:47:06', '2021-01-20 15:47:06'),
(32, '2021-01-07 08:45:00', '2021-01-07 10:30:00', 1, '2021-01-20 15:47:06', '2021-01-20 15:47:06'),
(33, '2021-01-07 10:30:00', '2021-01-07 12:15:00', 1, '2021-01-20 15:47:06', '2021-01-20 15:47:06'),
(34, '2021-01-07 13:00:00', '2021-01-07 14:45:00', 1, '2021-01-20 15:47:06', '2021-01-20 15:47:06'),
(35, '2021-01-07 14:45:00', '2021-01-07 16:30:00', 1, '2021-01-20 15:47:06', '2021-01-20 15:47:06'),
(36, '2021-01-08 07:00:00', '2021-01-08 08:45:00', 1, '2021-01-20 15:47:06', '2021-01-20 15:47:06'),
(37, '2021-01-08 08:45:00', '2021-01-08 10:30:00', 1, '2021-01-20 15:47:06', '2021-01-20 15:47:06'),
(38, '2021-01-08 10:30:00', '2021-01-08 12:15:00', 1, '2021-01-20 15:47:06', '2021-01-20 15:47:06'),
(39, '2021-01-08 13:00:00', '2021-01-08 14:45:00', 1, '2021-01-20 15:47:06', '2021-01-20 15:47:06'),
(40, '2021-01-08 14:45:00', '2021-01-08 16:30:00', 1, '2021-01-20 15:47:06', '2021-01-20 15:47:06'),
(41, '2021-01-09 07:00:00', '2021-01-09 08:45:00', 1, '2021-01-20 15:47:06', '2021-01-20 15:47:06'),
(42, '2021-01-09 08:45:00', '2021-01-09 10:30:00', 1, '2021-01-20 15:47:06', '2021-01-20 15:47:06'),
(43, '2021-01-09 10:30:00', '2021-01-09 12:15:00', 1, '2021-01-20 15:47:06', '2021-01-20 15:47:06'),
(44, '2021-01-09 13:00:00', '2021-01-09 14:45:00', 1, '2021-01-20 15:47:06', '2021-01-20 15:47:06'),
(45, '2021-01-09 14:45:00', '2021-01-09 16:30:00', 1, '2021-01-20 15:47:06', '2021-01-20 15:47:06'),
(46, '2021-01-10 07:00:00', '2021-01-10 08:45:00', 1, '2021-01-20 15:47:06', '2021-01-20 15:47:06'),
(47, '2021-01-10 08:45:00', '2021-01-10 10:30:00', 1, '2021-01-20 15:47:06', '2021-01-20 15:47:06'),
(48, '2021-01-10 10:30:00', '2021-01-10 12:15:00', 1, '2021-01-20 15:47:06', '2021-01-20 15:47:06'),
(49, '2021-01-10 13:00:00', '2021-01-10 14:45:00', 1, '2021-01-20 15:47:06', '2021-01-20 15:47:06'),
(50, '2021-01-10 14:45:00', '2021-01-10 16:30:00', 1, '2021-01-20 15:47:06', '2021-01-20 15:47:06'),
(51, '2021-01-11 07:00:00', '2021-01-11 08:45:00', 1, '2021-01-20 15:47:06', '2021-01-20 15:47:06'),
(52, '2021-01-11 08:45:00', '2021-01-11 10:30:00', 1, '2021-01-20 15:47:06', '2021-01-20 15:47:06'),
(53, '2021-01-11 10:30:00', '2021-01-11 12:15:00', 1, '2021-01-20 15:47:06', '2021-01-20 15:47:06'),
(54, '2021-01-11 13:00:00', '2021-01-11 14:45:00', 1, '2021-01-20 15:47:06', '2021-01-20 15:47:06'),
(55, '2021-01-11 14:45:00', '2021-01-11 16:30:00', 1, '2021-01-20 15:47:06', '2021-01-20 15:47:06'),
(56, '2021-01-12 07:00:00', '2021-01-12 08:45:00', 1, '2021-01-20 15:47:06', '2021-01-20 15:47:06'),
(57, '2021-01-12 08:45:00', '2021-01-12 10:30:00', 1, '2021-01-20 15:47:06', '2021-01-20 15:47:06'),
(58, '2021-01-12 10:30:00', '2021-01-12 12:15:00', 1, '2021-01-20 15:47:06', '2021-01-20 15:47:06'),
(59, '2021-01-12 13:00:00', '2021-01-12 14:45:00', 1, '2021-01-20 15:47:06', '2021-01-20 15:47:06'),
(60, '2021-01-12 14:45:00', '2021-01-12 16:30:00', 1, '2021-01-20 15:47:06', '2021-01-20 15:47:06'),
(61, '2021-01-13 07:00:00', '2021-01-13 08:45:00', 1, '2021-01-20 15:47:06', '2021-01-20 15:47:06'),
(62, '2021-01-13 08:45:00', '2021-01-13 10:30:00', 1, '2021-01-20 15:47:06', '2021-01-20 15:47:06'),
(63, '2021-01-13 10:30:00', '2021-01-13 12:15:00', 1, '2021-01-20 15:47:06', '2021-01-20 15:47:06'),
(64, '2021-01-13 13:00:00', '2021-01-13 14:45:00', 1, '2021-01-20 15:47:06', '2021-01-20 15:47:06'),
(65, '2021-01-13 14:45:00', '2021-01-13 16:30:00', 1, '2021-01-20 15:47:06', '2021-01-20 15:47:06'),
(66, '2021-01-14 07:00:00', '2021-01-14 08:45:00', 1, '2021-01-20 15:47:06', '2021-01-20 15:47:06'),
(67, '2021-01-14 08:45:00', '2021-01-14 10:30:00', 1, '2021-01-20 15:47:06', '2021-01-20 15:47:06'),
(68, '2021-01-14 10:30:00', '2021-01-14 12:15:00', 1, '2021-01-20 15:47:06', '2021-01-20 15:47:06'),
(69, '2021-01-14 13:00:00', '2021-01-14 14:45:00', 1, '2021-01-20 15:47:06', '2021-01-20 15:47:06'),
(70, '2021-01-14 14:45:00', '2021-01-14 16:30:00', 1, '2021-01-20 15:47:06', '2021-01-20 15:47:06'),
(71, '2021-01-15 07:00:00', '2021-01-15 08:45:00', 1, '2021-01-20 15:47:06', '2021-01-20 15:47:06'),
(72, '2021-01-15 08:45:00', '2021-01-15 10:30:00', 1, '2021-01-20 15:47:06', '2021-01-20 15:47:06'),
(73, '2021-01-15 10:30:00', '2021-01-15 12:15:00', 1, '2021-01-20 15:47:06', '2021-01-20 15:47:06'),
(74, '2021-01-15 13:00:00', '2021-01-15 14:45:00', 1, '2021-01-20 15:47:06', '2021-01-20 15:47:06'),
(75, '2021-01-15 14:45:00', '2021-01-15 16:30:00', 1, '2021-01-20 15:47:06', '2021-01-20 15:47:06'),
(76, '2021-01-16 07:00:00', '2021-01-16 08:45:00', 1, '2021-01-20 15:47:06', '2021-01-20 15:47:06'),
(77, '2021-01-16 08:45:00', '2021-01-16 10:30:00', 1, '2021-01-20 15:47:06', '2021-01-20 15:47:06'),
(78, '2021-01-16 10:30:00', '2021-01-16 12:15:00', 1, '2021-01-20 15:47:06', '2021-01-20 15:47:06'),
(79, '2021-01-16 13:00:00', '2021-01-16 14:45:00', 1, '2021-01-20 15:47:06', '2021-01-20 15:47:06'),
(80, '2021-01-16 14:45:00', '2021-01-16 16:30:00', 1, '2021-01-20 15:47:06', '2021-01-20 15:47:06'),
(81, '2021-01-17 07:00:00', '2021-01-17 08:45:00', 1, '2021-01-20 15:47:06', '2021-01-20 15:47:06'),
(82, '2021-01-17 08:45:00', '2021-01-17 10:30:00', 1, '2021-01-20 15:47:06', '2021-01-20 15:47:06'),
(83, '2021-01-17 10:30:00', '2021-01-17 12:15:00', 1, '2021-01-20 15:47:06', '2021-01-20 15:47:06'),
(84, '2021-01-17 13:00:00', '2021-01-17 14:45:00', 1, '2021-01-20 15:47:06', '2021-01-20 15:47:06'),
(85, '2021-01-17 14:45:00', '2021-01-17 16:30:00', 1, '2021-01-20 15:47:06', '2021-01-20 15:47:06'),
(86, '2021-01-18 07:00:00', '2021-01-18 08:45:00', 1, '2021-01-20 15:47:06', '2021-01-20 15:47:06'),
(87, '2021-01-18 08:45:00', '2021-01-18 10:30:00', 1, '2021-01-20 15:47:06', '2021-01-20 15:47:06'),
(88, '2021-01-18 10:30:00', '2021-01-18 12:15:00', 1, '2021-01-20 15:47:06', '2021-01-20 15:47:06'),
(89, '2021-01-18 13:00:00', '2021-01-18 14:45:00', 1, '2021-01-20 15:47:06', '2021-01-20 15:47:06'),
(90, '2021-01-18 14:45:00', '2021-01-18 16:30:00', 1, '2021-01-20 15:47:06', '2021-01-20 15:47:06'),
(91, '2021-01-19 07:00:00', '2021-01-19 08:45:00', 1, '2021-01-20 15:47:06', '2021-01-20 15:47:06'),
(92, '2021-01-19 08:45:00', '2021-01-19 10:30:00', 1, '2021-01-20 15:47:06', '2021-01-20 15:47:06'),
(93, '2021-01-19 10:30:00', '2021-01-19 12:15:00', 1, '2021-01-20 15:47:06', '2021-01-20 15:47:06'),
(94, '2021-01-19 13:00:00', '2021-01-19 14:45:00', 1, '2021-01-20 15:47:06', '2021-01-20 15:47:06'),
(95, '2021-01-19 14:45:00', '2021-01-19 16:30:00', 1, '2021-01-20 15:47:06', '2021-01-20 15:47:06'),
(96, '2021-01-20 07:00:00', '2021-01-20 08:45:00', 0, '2021-01-20 15:47:06', '2021-01-20 15:47:08'),
(97, '2021-01-20 08:45:00', '2021-01-20 10:30:00', 0, '2021-01-20 15:47:06', '2021-01-20 15:47:08'),
(98, '2021-01-20 10:30:00', '2021-01-20 12:15:00', 0, '2021-01-20 15:47:06', '2021-01-20 15:47:08'),
(99, '2021-01-20 13:00:00', '2021-01-20 14:45:00', 0, '2021-01-20 15:47:06', '2021-01-20 15:47:08'),
(100, '2021-01-20 14:45:00', '2021-01-20 16:30:00', 0, '2021-01-20 15:47:06', '2021-01-20 15:47:08'),
(101, '2021-01-21 07:00:00', '2021-01-21 08:45:00', 0, '2021-01-20 15:47:06', '2021-01-20 15:47:08'),
(102, '2021-01-21 08:45:00', '2021-01-21 10:30:00', 0, '2021-01-20 15:47:06', '2021-01-20 15:47:08'),
(103, '2021-01-21 10:30:00', '2021-01-21 12:15:00', 0, '2021-01-20 15:47:06', '2021-01-20 15:47:08'),
(104, '2021-01-21 13:00:00', '2021-01-21 14:45:00', 0, '2021-01-20 15:47:06', '2021-01-20 15:47:08'),
(105, '2021-01-21 14:45:00', '2021-01-21 16:30:00', 0, '2021-01-20 15:47:06', '2021-01-20 15:47:08'),
(106, '2021-01-22 07:00:00', '2021-01-22 08:45:00', 0, '2021-01-20 15:47:06', '2021-01-21 01:19:06'),
(107, '2021-01-22 08:45:00', '2021-01-22 10:30:00', 0, '2021-01-20 15:47:06', '2021-01-22 15:34:09'),
(108, '2021-01-22 10:30:00', '2021-01-22 12:15:00', 0, '2021-01-20 15:47:06', '2021-01-22 15:34:37'),
(109, '2021-01-22 13:00:00', '2021-01-22 14:45:00', 1, '2021-01-20 15:47:06', '2021-01-20 15:47:06'),
(110, '2021-01-22 14:45:00', '2021-01-22 16:30:00', 1, '2021-01-20 15:47:06', '2021-01-20 15:47:06'),
(111, '2021-01-23 07:00:00', '2021-01-23 08:45:00', 0, '2021-01-20 15:47:06', '2021-01-23 10:02:33'),
(112, '2021-01-23 08:45:00', '2021-01-23 10:30:00', 1, '2021-01-20 15:47:06', '2021-01-20 15:47:06'),
(113, '2021-01-23 10:30:00', '2021-01-23 12:15:00', 1, '2021-01-20 15:47:06', '2021-01-20 15:47:06'),
(114, '2021-01-23 13:00:00', '2021-01-23 14:45:00', 1, '2021-01-20 15:47:06', '2021-01-20 15:47:06'),
(115, '2021-01-23 14:45:00', '2021-01-23 16:30:00', 1, '2021-01-20 15:47:06', '2021-01-20 15:47:06'),
(116, '2021-01-24 07:00:00', '2021-01-24 08:45:00', 1, '2021-01-20 15:47:06', '2021-01-20 15:47:06'),
(117, '2021-01-24 08:45:00', '2021-01-24 10:30:00', 1, '2021-01-20 15:47:06', '2021-01-20 15:47:06'),
(118, '2021-01-24 10:30:00', '2021-01-24 12:15:00', 1, '2021-01-20 15:47:06', '2021-01-20 15:47:06'),
(119, '2021-01-24 13:00:00', '2021-01-24 14:45:00', 1, '2021-01-20 15:47:06', '2021-01-20 15:47:06'),
(120, '2021-01-24 14:45:00', '2021-01-24 16:30:00', 1, '2021-01-20 15:47:06', '2021-01-20 15:47:06'),
(121, '2021-01-25 07:00:00', '2021-01-25 08:45:00', 1, '2021-01-20 15:47:06', '2021-01-20 15:47:06'),
(122, '2021-01-25 08:45:00', '2021-01-25 10:30:00', 1, '2021-01-20 15:47:06', '2021-01-20 15:47:06'),
(123, '2021-01-25 10:30:00', '2021-01-25 12:15:00', 1, '2021-01-20 15:47:06', '2021-01-20 15:47:06'),
(124, '2021-01-25 13:00:00', '2021-01-25 14:45:00', 1, '2021-01-20 15:47:06', '2021-01-20 15:47:06'),
(125, '2021-01-25 14:45:00', '2021-01-25 16:30:00', 1, '2021-01-20 15:47:06', '2021-01-20 15:47:06'),
(126, '2021-01-26 07:00:00', '2021-01-26 08:45:00', 1, '2021-01-20 15:47:06', '2021-01-20 15:47:06'),
(127, '2021-01-26 08:45:00', '2021-01-26 10:30:00', 1, '2021-01-20 15:47:06', '2021-01-20 15:47:06'),
(128, '2021-01-26 10:30:00', '2021-01-26 12:15:00', 1, '2021-01-20 15:47:06', '2021-01-20 15:47:06'),
(129, '2021-01-26 13:00:00', '2021-01-26 14:45:00', 1, '2021-01-20 15:47:06', '2021-01-20 15:47:06'),
(130, '2021-01-26 14:45:00', '2021-01-26 16:30:00', 1, '2021-01-20 15:47:06', '2021-01-20 15:47:06'),
(131, '2021-01-27 07:00:00', '2021-01-27 08:45:00', 1, '2021-01-20 15:47:06', '2021-01-20 15:47:06'),
(132, '2021-01-27 08:45:00', '2021-01-27 10:30:00', 1, '2021-01-20 15:47:06', '2021-01-20 15:47:06'),
(133, '2021-01-27 10:30:00', '2021-01-27 12:15:00', 1, '2021-01-20 15:47:06', '2021-01-20 15:47:06'),
(134, '2021-01-27 13:00:00', '2021-01-27 14:45:00', 1, '2021-01-20 15:47:06', '2021-01-20 15:47:06'),
(135, '2021-01-27 14:45:00', '2021-01-27 16:30:00', 1, '2021-01-20 15:47:06', '2021-01-20 15:47:06'),
(136, '2021-01-28 07:00:00', '2021-01-28 08:45:00', 1, '2021-01-20 15:47:06', '2021-01-20 15:47:06'),
(137, '2021-01-28 08:45:00', '2021-01-28 10:30:00', 1, '2021-01-20 15:47:06', '2021-01-20 15:47:06'),
(138, '2021-01-28 10:30:00', '2021-01-28 12:15:00', 1, '2021-01-20 15:47:06', '2021-01-20 15:47:06'),
(139, '2021-01-28 13:00:00', '2021-01-28 14:45:00', 1, '2021-01-20 15:47:06', '2021-01-20 15:47:06'),
(140, '2021-01-28 14:45:00', '2021-01-28 16:30:00', 1, '2021-01-20 15:47:06', '2021-01-20 15:47:06'),
(141, '2021-01-29 07:00:00', '2021-01-29 08:45:00', 1, '2021-01-20 15:47:06', '2021-01-20 15:47:06'),
(142, '2021-01-29 08:45:00', '2021-01-29 10:30:00', 1, '2021-01-20 15:47:06', '2021-01-20 15:47:06'),
(143, '2021-01-29 10:30:00', '2021-01-29 12:15:00', 1, '2021-01-20 15:47:06', '2021-01-20 15:47:06'),
(144, '2021-01-29 13:00:00', '2021-01-29 14:45:00', 1, '2021-01-20 15:47:06', '2021-01-20 15:47:06'),
(145, '2021-01-29 14:45:00', '2021-01-29 16:30:00', 1, '2021-01-20 15:47:06', '2021-01-20 15:47:06'),
(146, '2021-01-30 07:00:00', '2021-01-30 08:45:00', 1, '2021-01-20 15:47:06', '2021-01-20 15:47:06'),
(147, '2021-01-30 08:45:00', '2021-01-30 10:30:00', 1, '2021-01-20 15:47:06', '2021-01-20 15:47:06'),
(148, '2021-01-30 10:30:00', '2021-01-30 12:15:00', 1, '2021-01-20 15:47:06', '2021-01-20 15:47:06'),
(149, '2021-01-30 13:00:00', '2021-01-30 14:45:00', 1, '2021-01-20 15:47:06', '2021-01-20 15:47:06'),
(150, '2021-01-30 14:45:00', '2021-01-30 16:30:00', 1, '2021-01-20 15:47:06', '2021-01-20 15:47:06'),
(151, '2021-01-31 07:00:00', '2021-01-31 08:45:00', 1, '2021-01-20 15:47:06', '2021-01-20 15:47:06'),
(152, '2021-01-31 08:45:00', '2021-01-31 10:30:00', 1, '2021-01-20 15:47:06', '2021-01-20 15:47:06'),
(153, '2021-01-31 10:30:00', '2021-01-31 12:15:00', 1, '2021-01-20 15:47:06', '2021-01-20 15:47:06'),
(154, '2021-01-31 13:00:00', '2021-01-31 14:45:00', 1, '2021-01-20 15:47:06', '2021-01-20 15:47:06'),
(155, '2021-01-31 14:45:00', '2021-01-31 16:30:00', 1, '2021-01-20 15:47:06', '2021-01-20 15:47:06');

--
-- Indexes for dumped tables
--

--
-- Indexes for table `deliveries`
--
ALTER TABLE `deliveries`
  ADD PRIMARY KEY (`id`),
  ADD KEY `fk_deliveries_loadings1_idx` (`loading_id`);

--
-- Indexes for table `detailloadings`
--
ALTER TABLE `detailloadings`
  ADD PRIMARY KEY (`id`),
  ADD KEY `fk_detailpackings_finalproducts1_idx` (`finalproduct_id`),
  ADD KEY `fk_detailpackings_loadings1_idx` (`loading_id`);

--
-- Indexes for table `detailpayments`
--
ALTER TABLE `detailpayments`
  ADD PRIMARY KEY (`id`),
  ADD KEY `fk_detailpayments_payments1_idx` (`payment_id`);

--
-- Indexes for table `finalproducts`
--
ALTER TABLE `finalproducts`
  ADD PRIMARY KEY (`id`),
  ADD KEY `fk_final_products_products1_idx` (`product_id`),
  ADD KEY `fk_finalproducts_packings1_idx` (`packing_id`);

--
-- Indexes for table `fuels`
--
ALTER TABLE `fuels`
  ADD PRIMARY KEY (`id`);

--
-- Indexes for table `loadings`
--
ALTER TABLE `loadings`
  ADD PRIMARY KEY (`id`),
  ADD KEY `fk_packings_requests1_idx` (`request_id`);

--
-- Indexes for table `menus`
--
ALTER TABLE `menus`
  ADD PRIMARY KEY (`id`);

--
-- Indexes for table `menu_privilege`
--
ALTER TABLE `menu_privilege`
  ADD PRIMARY KEY (`menu_id`,`privilege_id`),
  ADD KEY `fk_privileges_has_menus_privileges1_idx` (`privilege_id`),
  ADD KEY `fk_menu_privilege_menus1_idx` (`menu_id`);

--
-- Indexes for table `packings`
--
ALTER TABLE `packings`
  ADD PRIMARY KEY (`id`),
  ADD KEY `fk_productions_fuels1_idx` (`fuel_id`);

--
-- Indexes for table `payments`
--
ALTER TABLE `payments`
  ADD PRIMARY KEY (`id`),
  ADD KEY `fk_payments_requests1_idx` (`request_id`);

--
-- Indexes for table `predictions`
--
ALTER TABLE `predictions`
  ADD PRIMARY KEY (`id`),
  ADD KEY `fk_predictions_users1_idx` (`user_id`);

--
-- Indexes for table `privileges`
--
ALTER TABLE `privileges`
  ADD PRIMARY KEY (`id`);

--
-- Indexes for table `privilege_submenu`
--
ALTER TABLE `privilege_submenu`
  ADD PRIMARY KEY (`submenu_id`,`privilege_id`),
  ADD KEY `fk_submenus_has_privileges_privileges1_idx` (`privilege_id`),
  ADD KEY `fk_submenus_has_privileges_submenus1_idx` (`submenu_id`);

--
-- Indexes for table `products`
--
ALTER TABLE `products`
  ADD PRIMARY KEY (`id`);

--
-- Indexes for table `product_request`
--
ALTER TABLE `product_request`
  ADD PRIMARY KEY (`request_id`,`product_id`),
  ADD KEY `fk_requests_has_products_products1_idx` (`product_id`),
  ADD KEY `fk_requests_has_products_requests1_idx` (`request_id`);

--
-- Indexes for table `requests`
--
ALTER TABLE `requests`
  ADD PRIMARY KEY (`id`),
  ADD KEY `fk_transactions_users1_idx` (`admin_id`),
  ADD KEY `fk_transactions_users2_idx` (`pelanggan_id`);

--
-- Indexes for table `schedules`
--
ALTER TABLE `schedules`
  ADD PRIMARY KEY (`id`),
  ADD KEY `fk_schedules_requests1_idx` (`request_id`),
  ADD KEY `fk_schedules_worktimes1_idx` (`worktime_id`);

--
-- Indexes for table `submenus`
--
ALTER TABLE `submenus`
  ADD PRIMARY KEY (`id`),
  ADD KEY `fk_submenus_menus1_idx` (`menu_id`);

--
-- Indexes for table `users`
--
ALTER TABLE `users`
  ADD PRIMARY KEY (`id`),
  ADD UNIQUE KEY `email` (`email`),
  ADD KEY `fk_users_privileges1_idx` (`privilege_id`);

--
-- Indexes for table `worktimes`
--
ALTER TABLE `worktimes`
  ADD PRIMARY KEY (`id`);

--
-- AUTO_INCREMENT for dumped tables
--

--
-- AUTO_INCREMENT for table `deliveries`
--
ALTER TABLE `deliveries`
  MODIFY `id` int(11) NOT NULL AUTO_INCREMENT, AUTO_INCREMENT=11;

--
-- AUTO_INCREMENT for table `detailloadings`
--
ALTER TABLE `detailloadings`
  MODIFY `id` int(11) NOT NULL AUTO_INCREMENT, AUTO_INCREMENT=91;

--
-- AUTO_INCREMENT for table `detailpayments`
--
ALTER TABLE `detailpayments`
  MODIFY `id` int(11) NOT NULL AUTO_INCREMENT, AUTO_INCREMENT=287;

--
-- AUTO_INCREMENT for table `finalproducts`
--
ALTER TABLE `finalproducts`
  MODIFY `id` int(11) NOT NULL AUTO_INCREMENT, AUTO_INCREMENT=251;

--
-- AUTO_INCREMENT for table `fuels`
--
ALTER TABLE `fuels`
  MODIFY `id` int(11) NOT NULL AUTO_INCREMENT, AUTO_INCREMENT=11;

--
-- AUTO_INCREMENT for table `loadings`
--
ALTER TABLE `loadings`
  MODIFY `id` int(11) NOT NULL AUTO_INCREMENT, AUTO_INCREMENT=11;

--
-- AUTO_INCREMENT for table `menus`
--
ALTER TABLE `menus`
  MODIFY `id` int(11) NOT NULL AUTO_INCREMENT, AUTO_INCREMENT=14;

--
-- AUTO_INCREMENT for table `packings`
--
ALTER TABLE `packings`
  MODIFY `id` int(11) NOT NULL AUTO_INCREMENT, AUTO_INCREMENT=51;

--
-- AUTO_INCREMENT for table `payments`
--
ALTER TABLE `payments`
  MODIFY `id` int(11) NOT NULL AUTO_INCREMENT, AUTO_INCREMENT=287;

--
-- AUTO_INCREMENT for table `predictions`
--
ALTER TABLE `predictions`
  MODIFY `id` int(11) NOT NULL AUTO_INCREMENT, AUTO_INCREMENT=12;

--
-- AUTO_INCREMENT for table `privileges`
--
ALTER TABLE `privileges`
  MODIFY `id` int(11) NOT NULL AUTO_INCREMENT, AUTO_INCREMENT=4;

--
-- AUTO_INCREMENT for table `products`
--
ALTER TABLE `products`
  MODIFY `id` int(11) NOT NULL AUTO_INCREMENT, AUTO_INCREMENT=17;

--
-- AUTO_INCREMENT for table `requests`
--
ALTER TABLE `requests`
  MODIFY `id` int(11) NOT NULL AUTO_INCREMENT, AUTO_INCREMENT=31;

--
-- AUTO_INCREMENT for table `schedules`
--
ALTER TABLE `schedules`
  MODIFY `id` int(11) NOT NULL AUTO_INCREMENT, AUTO_INCREMENT=15;

--
-- AUTO_INCREMENT for table `submenus`
--
ALTER TABLE `submenus`
  MODIFY `id` int(11) NOT NULL AUTO_INCREMENT, AUTO_INCREMENT=5;

--
-- AUTO_INCREMENT for table `users`
--
ALTER TABLE `users`
  MODIFY `id` int(11) NOT NULL AUTO_INCREMENT, AUTO_INCREMENT=15;

--
-- AUTO_INCREMENT for table `worktimes`
--
ALTER TABLE `worktimes`
  MODIFY `id` int(11) NOT NULL AUTO_INCREMENT, AUTO_INCREMENT=156;

--
-- Constraints for dumped tables
--

--
-- Constraints for table `deliveries`
--
ALTER TABLE `deliveries`
  ADD CONSTRAINT `fk_deliveries_loadings1` FOREIGN KEY (`loading_id`) REFERENCES `loadings` (`id`) ON DELETE NO ACTION ON UPDATE NO ACTION;

--
-- Constraints for table `detailloadings`
--
ALTER TABLE `detailloadings`
  ADD CONSTRAINT `fk_detailpackings_finalproducts1` FOREIGN KEY (`finalproduct_id`) REFERENCES `finalproducts` (`id`) ON DELETE NO ACTION ON UPDATE NO ACTION,
  ADD CONSTRAINT `fk_detailpackings_loadings1` FOREIGN KEY (`loading_id`) REFERENCES `loadings` (`id`) ON DELETE NO ACTION ON UPDATE NO ACTION;

--
-- Constraints for table `detailpayments`
--
ALTER TABLE `detailpayments`
  ADD CONSTRAINT `fk_detailpayments_payments1` FOREIGN KEY (`payment_id`) REFERENCES `payments` (`id`) ON DELETE NO ACTION ON UPDATE NO ACTION;

--
-- Constraints for table `finalproducts`
--
ALTER TABLE `finalproducts`
  ADD CONSTRAINT `fk_final_products_products1` FOREIGN KEY (`product_id`) REFERENCES `products` (`id`) ON DELETE NO ACTION ON UPDATE NO ACTION,
  ADD CONSTRAINT `fk_finalproducts_packings1` FOREIGN KEY (`packing_id`) REFERENCES `packings` (`id`) ON DELETE NO ACTION ON UPDATE NO ACTION;

--
-- Constraints for table `loadings`
--
ALTER TABLE `loadings`
  ADD CONSTRAINT `fk_packings_requests1` FOREIGN KEY (`request_id`) REFERENCES `requests` (`id`) ON DELETE NO ACTION ON UPDATE NO ACTION;

--
-- Constraints for table `menu_privilege`
--
ALTER TABLE `menu_privilege`
  ADD CONSTRAINT `fk_menu_privilege_menus1` FOREIGN KEY (`menu_id`) REFERENCES `menus` (`id`) ON DELETE NO ACTION ON UPDATE NO ACTION,
  ADD CONSTRAINT `fk_privileges_has_menus_privileges1` FOREIGN KEY (`privilege_id`) REFERENCES `privileges` (`id`) ON DELETE NO ACTION ON UPDATE NO ACTION;

--
-- Constraints for table `packings`
--
ALTER TABLE `packings`
  ADD CONSTRAINT `fk_productions_fuels1` FOREIGN KEY (`fuel_id`) REFERENCES `fuels` (`id`) ON DELETE NO ACTION ON UPDATE NO ACTION;

--
-- Constraints for table `payments`
--
ALTER TABLE `payments`
  ADD CONSTRAINT `fk_payments_requests1` FOREIGN KEY (`request_id`) REFERENCES `requests` (`id`) ON DELETE NO ACTION ON UPDATE NO ACTION;

--
-- Constraints for table `predictions`
--
ALTER TABLE `predictions`
  ADD CONSTRAINT `fk_predictions_users1` FOREIGN KEY (`user_id`) REFERENCES `users` (`id`) ON DELETE NO ACTION ON UPDATE NO ACTION;

--
-- Constraints for table `privilege_submenu`
--
ALTER TABLE `privilege_submenu`
  ADD CONSTRAINT `fk_submenus_has_privileges_privileges1` FOREIGN KEY (`privilege_id`) REFERENCES `privileges` (`id`) ON DELETE NO ACTION ON UPDATE NO ACTION,
  ADD CONSTRAINT `fk_submenus_has_privileges_submenus1` FOREIGN KEY (`submenu_id`) REFERENCES `submenus` (`id`) ON DELETE NO ACTION ON UPDATE NO ACTION;

--
-- Constraints for table `product_request`
--
ALTER TABLE `product_request`
  ADD CONSTRAINT `fk_requests_has_products_products1` FOREIGN KEY (`product_id`) REFERENCES `products` (`id`) ON DELETE NO ACTION ON UPDATE NO ACTION,
  ADD CONSTRAINT `fk_requests_has_products_requests1` FOREIGN KEY (`request_id`) REFERENCES `requests` (`id`) ON DELETE NO ACTION ON UPDATE NO ACTION;

--
-- Constraints for table `requests`
--
ALTER TABLE `requests`
  ADD CONSTRAINT `fk_transactions_users1` FOREIGN KEY (`admin_id`) REFERENCES `users` (`id`) ON DELETE NO ACTION ON UPDATE NO ACTION,
  ADD CONSTRAINT `fk_transactions_users2` FOREIGN KEY (`pelanggan_id`) REFERENCES `users` (`id`) ON DELETE NO ACTION ON UPDATE NO ACTION;

--
-- Constraints for table `schedules`
--
ALTER TABLE `schedules`
  ADD CONSTRAINT `fk_schedules_requests1` FOREIGN KEY (`request_id`) REFERENCES `requests` (`id`) ON DELETE NO ACTION ON UPDATE NO ACTION,
  ADD CONSTRAINT `fk_schedules_worktimes1` FOREIGN KEY (`worktime_id`) REFERENCES `worktimes` (`id`) ON DELETE NO ACTION ON UPDATE NO ACTION;

--
-- Constraints for table `submenus`
--
ALTER TABLE `submenus`
  ADD CONSTRAINT `fk_submenus_menus1` FOREIGN KEY (`menu_id`) REFERENCES `menus` (`id`) ON DELETE NO ACTION ON UPDATE NO ACTION;

--
-- Constraints for table `users`
--
ALTER TABLE `users`
  ADD CONSTRAINT `fk_users_privileges1` FOREIGN KEY (`privilege_id`) REFERENCES `privileges` (`id`) ON DELETE NO ACTION ON UPDATE NO ACTION;
COMMIT;

/*!40101 SET CHARACTER_SET_CLIENT=@OLD_CHARACTER_SET_CLIENT */;
/*!40101 SET CHARACTER_SET_RESULTS=@OLD_CHARACTER_SET_RESULTS */;
/*!40101 SET COLLATION_CONNECTION=@OLD_COLLATION_CONNECTION */;
